=== Build Output ===
> D:/DevEco_studio/DevEco Studio\tools\node\node.exe D:/DevEco_studio/DevEco Studio\tools\hvigor\bin\hvigorw.js --mode module -p module=entry@default assembleHap -p buildMode=debug --no-daemon

> hvigor Finished :entry:clean... after 6 ms 
> hvigor Finished :entry:default@PreBuild... after 508 ms 
> hvigor Finished :entry:default@CreateModuleInfo... after 4 ms 
> hvigor Finished :entry:default@GenerateMetadata... after 20 ms 
> hvigor Finished :entry:default@ConfigureCmake... after 1 ms 
> hvigor Finished :entry:default@MergeProfile... after 17 ms 
> hvigor Finished :entry:default@CreateBuildProfile... after 9 ms 
> hvigor Finished :entry:default@PreCheckSyscap... after 1 ms 
> hvigor Finished :entry:default@GeneratePkgContextInfo... after 35 ms 
> hvigor Finished :entry:default@GeneratePkgSdkInfo... after 14 ms 
> hvigor Finished :entry:default@ProcessIntegratedHsp... after 2 ms 
> hvigor Finished :entry:default@BuildNativeWithCmake... after 2 ms 
> hvigor Finished :entry:default@MakePackInfo... after 12 ms 
> hvigor Finished :entry:default@SyscapTransform... after 6 ms 
> hvigor Finished :entry:default@ProcessProfile... after 522 ms 
> hvigor Finished :entry:default@ProcessRouterMap... after 13 ms 
> hvigor Finished :entry:default@ProcessShareConfig... after 9 ms 
> hvigor Finished :entry:default@ProcessStartupConfig... after 6 ms 
> hvigor Finished :entry:default@BuildNativeWithNinja... after 4 ms 
> hvigor Finished :entry:default@ProcessResource... after 12 ms 
> hvigor Finished :entry:default@GenerateLoaderJson... after 41 ms 
> hvigor Finished :entry:default@ProcessLibs... after 29 ms 
> hvigor Finished :entry:default@CompileResource... after 1 s 117 ms 
> hvigor Finished :entry:default@DoNativeStrip... after 10 ms 
> hvigor Finished :entry:default@BuildJS... after 19 ms 
> hvigor Finished :entry:default@CacheNativeLibs... after 30 ms 
> hvigor ERROR: Failed :entry:default@CompileArkTS... 
> hvigor WARN: 
1 WARN: ArkTS:WARN: For details about ArkTS syntax errors, see FAQs
2 WARN: ArkTS:WARN File: D:/DevEco_studio/ArkTavernSolo/entry/src/main/ets/storage/ProviderConfigStore.ets:342:33
 Function may throw exceptions. Special handling is required.

3 WARN: ArkTS:WARN File: D:/DevEco_studio/ArkTavernSolo/entry/src/main/ets/storage/CharacterStore.ets:106:11
 Function may throw exceptions. Special handling is required.

4 WARN: ArkTS:WARN File: D:/DevEco_studio/ArkTavernSolo/entry/src/main/ets/storage/CharacterStore.ets:107:11
 Function may throw exceptions. Special handling is required.

5 WARN: ArkTS:WARN File: D:/DevEco_studio/ArkTavernSolo/entry/src/main/ets/storage/CharacterStore.ets:128:11
 Function may throw exceptions. Special handling is required.

6 WARN: ArkTS:WARN File: D:/DevEco_studio/ArkTavernSolo/entry/src/main/ets/storage/CharacterStore.ets:129:11
 Function may throw exceptions. Special handling is required.

7 WARN: ArkTS:WARN File: D:/DevEco_studio/ArkTavernSolo/entry/src/main/ets/storage/CharacterStore.ets:141:11
 Function may throw exceptions. Special handling is required.

8 WARN: ArkTS:WARN File: D:/DevEco_studio/ArkTavernSolo/entry/src/main/ets/storage/CharacterStore.ets:144:13
 Function may throw exceptions. Special handling is required.

9 WARN: ArkTS:WARN File: D:/DevEco_studio/ArkTavernSolo/entry/src/main/ets/storage/CharacterStore.ets:146:11
 Function may throw exceptions. Special handling is required.

10 WARN: ArkTS:WARN File: D:/DevEco_studio/ArkTavernSolo/entry/src/main/ets/storage/CharacterStore.ets:156:13
 Function may throw exceptions. Special handling is required.

11 WARN: ArkTS:WARN File: D:/DevEco_studio/ArkTavernSolo/entry/src/main/ets/storage/CharacterStore.ets:158:13
 Function may throw exceptions. Special handling is required.

12 WARN: ArkTS:WARN File: D:/DevEco_studio/ArkTavernSolo/entry/src/main/ets/storage/CharacterStore.ets:160:11
 Function may throw exceptions. Special handling is required.

13 WARN: ArkTS:WARN File: D:/DevEco_studio/ArkTavernSolo/entry/src/main/ets/storage/CharacterSelectionStore.ets:78:13
 Function may throw exceptions. Special handling is required.

14 WARN: ArkTS:WARN File: D:/DevEco_studio/ArkTavernSolo/entry/src/main/ets/storage/CharacterSelectionStore.ets:80:13
 Function may throw exceptions. Special handling is required.

15 WARN: ArkTS:WARN File: D:/DevEco_studio/ArkTavernSolo/entry/src/main/ets/storage/CharacterSelectionStore.ets:82:11
 Function may throw exceptions. Special handling is required.

16 WARN: ArkTS:WARN File: D:/DevEco_studio/ArkTavernSolo/entry/src/main/ets/utils/Uuid.ets:68:42
 Function may throw exceptions. Special handling is required.

17 WARN: ArkTS:WARN File: D:/DevEco_studio/ArkTavernSolo/entry/src/main/ets/utils/Uuid.ets:69:46
 Function may throw exceptions. Special handling is required.

18 WARN: ArkTS:WARN File: D:/DevEco_studio/ArkTavernSolo/entry/src/main/ets/utils/Uuid.ets:70:10
 Function may throw exceptions. Special handling is required.

19 WARN: ArkTS:WARN File: D:/DevEco_studio/ArkTavernSolo/entry/src/main/ets/storage/LorebookStore.ets:120:11
 Function may throw exceptions. Special handling is required.

20 WARN: ArkTS:WARN File: D:/DevEco_studio/ArkTavernSolo/entry/src/main/ets/storage/LorebookStore.ets:121:11
 Function may throw exceptions. Special handling is required.

21 WARN: ArkTS:WARN File: D:/DevEco_studio/ArkTavernSolo/entry/src/main/ets/storage/LorebookStore.ets:142:11
 Function may throw exceptions. Special handling is required.

22 WARN: ArkTS:WARN File: D:/DevEco_studio/ArkTavernSolo/entry/src/main/ets/storage/LorebookStore.ets:143:11
 Function may throw exceptions. Special handling is required.

23 WARN: ArkTS:WARN File: D:/DevEco_studio/ArkTavernSolo/entry/src/main/ets/storage/LorebookStore.ets:155:11
 Function may throw exceptions. Special handling is required.

24 WARN: ArkTS:WARN File: D:/DevEco_studio/ArkTavernSolo/entry/src/main/ets/storage/LorebookStore.ets:158:13
 Function may throw exceptions. Special handling is required.

25 WARN: ArkTS:WARN File: D:/DevEco_studio/ArkTavernSolo/entry/src/main/ets/storage/LorebookStore.ets:160:11
 Function may throw exceptions. Special handling is required.

26 WARN: ArkTS:WARN File: D:/DevEco_studio/ArkTavernSolo/entry/src/main/ets/storage/LorebookStore.ets:170:13
 Function may throw exceptions. Special handling is required.

27 WARN: ArkTS:WARN File: D:/DevEco_studio/ArkTavernSolo/entry/src/main/ets/storage/LorebookStore.ets:172:13
 Function may throw exceptions. Special handling is required.

28 WARN: ArkTS:WARN File: D:/DevEco_studio/ArkTavernSolo/entry/src/main/ets/storage/LorebookStore.ets:174:11
 Function may throw exceptions. Special handling is required.

29 WARN: ArkTS:WARN File: D:/DevEco_studio/ArkTavernSolo/entry/src/main/ets/storage/LorebookSelectionStore.ets:53:13
 Function may throw exceptions. Special handling is required.

30 WARN: ArkTS:WARN File: D:/DevEco_studio/ArkTavernSolo/entry/src/main/ets/storage/LorebookSelectionStore.ets:55:13
 Function may throw exceptions. Special handling is required.

31 WARN: ArkTS:WARN File: D:/DevEco_studio/ArkTavernSolo/entry/src/main/ets/storage/LorebookSelectionStore.ets:61:11
 Function may throw exceptions. Special handling is required.

32 WARN: ArkTS:WARN File: D:/DevEco_studio/ArkTavernSolo/entry/src/main/ets/database/DatabaseMigration.ets:142:13
 Function may throw exceptions. Special handling is required.

33 WARN: ArkTS:WARN File: D:/DevEco_studio/ArkTavernSolo/entry/src/main/ets/database/DatabaseMigration.ets:165:13
 Function may throw exceptions. Special handling is required.

34 WARN: ArkTS:WARN File: D:/DevEco_studio/ArkTavernSolo/entry/src/main/ets/database/DatabaseMigration.ets:191:13
 Function may throw exceptions. Special handling is required.

35 WARN: ArkTS:WARN File: D:/DevEco_studio/ArkTavernSolo/entry/src/main/ets/database/DatabaseMigration.ets:221:13
 Function may throw exceptions. Special handling is required.

36 WARN: ArkTS:WARN File: D:/DevEco_studio/ArkTavernSolo/entry/src/main/ets/database/DatabaseMigration.ets:235:49
 Function may throw exceptions. Special handling is required.

37 WARN: ArkTS:WARN File: D:/DevEco_studio/ArkTavernSolo/entry/src/main/ets/database/DatabaseMigration.ets:238:14
 Function may throw exceptions. Special handling is required.

38 WARN: ArkTS:WARN File: D:/DevEco_studio/ArkTavernSolo/entry/src/main/ets/database/DatabaseMigration.ets:239:29
 Function may throw exceptions. Special handling is required.

39 WARN: ArkTS:WARN File: D:/DevEco_studio/ArkTavernSolo/entry/src/main/ets/database/DatabaseMigration.ets:241:20
 Function may throw exceptions. Special handling is required.

40 WARN: ArkTS:WARN File: D:/DevEco_studio/ArkTavernSolo/entry/src/main/ets/database/DatabaseMigration.ets:245:7
 Function may throw exceptions. Special handling is required.

41 WARN: ArkTS:WARN File: D:/DevEco_studio/ArkTavernSolo/entry/src/main/ets/database/DatabaseMigration.ets:268:11
 Function may throw exceptions. Special handling is required.

42 WARN: ArkTS:WARN File: D:/DevEco_studio/ArkTavernSolo/entry/src/main/ets/database/DatabaseMigration.ets:277:52
 Function may throw exceptions. Special handling is required.

43 WARN: ArkTS:WARN File: D:/DevEco_studio/ArkTavernSolo/entry/src/main/ets/database/DatabaseMigration.ets:280:14
 Function may throw exceptions. Special handling is required.

44 WARN: ArkTS:WARN File: D:/DevEco_studio/ArkTavernSolo/entry/src/main/ets/database/DatabaseMigration.ets:281:29
 Function may throw exceptions. Special handling is required.

45 WARN: ArkTS:WARN File: D:/DevEco_studio/ArkTavernSolo/entry/src/main/ets/database/DatabaseMigration.ets:283:27
 Function may throw exceptions. Special handling is required.

46 WARN: ArkTS:WARN File: D:/DevEco_studio/ArkTavernSolo/entry/src/main/ets/database/DatabaseMigration.ets:287:7
 Function may throw exceptions. Special handling is required.

47 WARN: ArkTS:WARN File: D:/DevEco_studio/ArkTavernSolo/entry/src/main/ets/database/DatabaseMigration.ets:297:13
 Function may throw exceptions. Special handling is required.

48 WARN: ArkTS:WARN File: D:/DevEco_studio/ArkTavernSolo/entry/src/main/ets/database/DatabaseMigration.ets:304:54
 Function may throw exceptions. Special handling is required.

49 WARN: ArkTS:WARN File: D:/DevEco_studio/ArkTavernSolo/entry/src/main/ets/database/DatabaseMigration.ets:307:14
 Function may throw exceptions. Special handling is required.

50 WARN: ArkTS:WARN File: D:/DevEco_studio/ArkTavernSolo/entry/src/main/ets/database/DatabaseMigration.ets:308:34
 Function may throw exceptions. Special handling is required.

51 WARN: ArkTS:WARN File: D:/DevEco_studio/ArkTavernSolo/entry/src/main/ets/database/DatabaseMigration.ets:309:38
 Function may throw exceptions. Special handling is required.

52 WARN: ArkTS:WARN File: D:/DevEco_studio/ArkTavernSolo/entry/src/main/ets/database/DatabaseMigration.ets:312:33
 Function may throw exceptions. Special handling is required.

53 WARN: ArkTS:WARN File: D:/DevEco_studio/ArkTavernSolo/entry/src/main/ets/database/DatabaseMigration.ets:313:35
 Function may throw exceptions. Special handling is required.

54 WARN: ArkTS:WARN File: D:/DevEco_studio/ArkTavernSolo/entry/src/main/ets/database/DatabaseMigration.ets:318:7
 Function may throw exceptions. Special handling is required.

55 WARN: ArkTS:WARN File: D:/DevEco_studio/ArkTavernSolo/entry/src/main/ets/database/DatabaseMigration.ets:328:13
 Function may throw exceptions. Special handling is required.

56 WARN: ArkTS:WARN File: D:/DevEco_studio/ArkTavernSolo/entry/src/main/ets/database/DatabaseMigration.ets:336:11
 Function may throw exceptions. Special handling is required.

57 WARN: ArkTS:WARN File: D:/DevEco_studio/ArkTavernSolo/entry/src/main/ets/database/DatabaseMigration.ets:367:13
 Function may throw exceptions. Special handling is required.

58 WARN: ArkTS:WARN File: D:/DevEco_studio/ArkTavernSolo/entry/src/main/ets/database/DatabaseMigration.ets:398:13
 Function may throw exceptions. Special handling is required.

59 WARN: ArkTS:WARN File: D:/DevEco_studio/ArkTavernSolo/entry/src/main/ets/database/DatabaseMigration.ets:429:49
 Function may throw exceptions. Special handling is required.

60 WARN: ArkTS:WARN File: D:/DevEco_studio/ArkTavernSolo/entry/src/main/ets/database/DatabaseMigration.ets:432:14
 Function may throw exceptions. Special handling is required.

61 WARN: ArkTS:WARN File: D:/DevEco_studio/ArkTavernSolo/entry/src/main/ets/database/DatabaseMigration.ets:433:29
 Function may throw exceptions. Special handling is required.

62 WARN: ArkTS:WARN File: D:/DevEco_studio/ArkTavernSolo/entry/src/main/ets/database/DatabaseMigration.ets:435:20
 Function may throw exceptions. Special handling is required.

63 WARN: ArkTS:WARN File: D:/DevEco_studio/ArkTavernSolo/entry/src/main/ets/database/DatabaseMigration.ets:439:7
 Function may throw exceptions. Special handling is required.

64 WARN: ArkTS:WARN File: D:/DevEco_studio/ArkTavernSolo/entry/src/main/ets/database/DatabaseMigration.ets:449:13
 Function may throw exceptions. Special handling is required.

65 WARN: ArkTS:WARN File: D:/DevEco_studio/ArkTavernSolo/entry/src/main/ets/database/DatabaseMigration.ets:481:13
 Function may throw exceptions. Special handling is required.

66 WARN: ArkTS:WARN File: D:/DevEco_studio/ArkTavernSolo/entry/src/main/ets/database/DatabaseMigration.ets:511:13
 Function may throw exceptions. Special handling is required.

67 WARN: ArkTS:WARN File: D:/DevEco_studio/ArkTavernSolo/entry/src/main/ets/database/DatabaseMigration.ets:544:13
 Function may throw exceptions. Special handling is required.

68 WARN: ArkTS:WARN File: D:/DevEco_studio/ArkTavernSolo/entry/src/main/ets/database/DatabaseMigration.ets:551:11
 Function may throw exceptions. Special handling is required.

69 WARN: ArkTS:WARN File: D:/DevEco_studio/ArkTavernSolo/entry/src/main/ets/database/DatabaseMigration.ets:555:11
 Function may throw exceptions. Special handling is required.

70 WARN: ArkTS:WARN File: D:/DevEco_studio/ArkTavernSolo/entry/src/main/ets/database/DatabaseMigration.ets:578:13
 Function may throw exceptions. Special handling is required.

71 WARN: ArkTS:WARN File: D:/DevEco_studio/ArkTavernSolo/entry/src/main/ets/database/DatabaseMigration.ets:603:13
 Function may throw exceptions. Special handling is required.

72 WARN: ArkTS:WARN File: D:/DevEco_studio/ArkTavernSolo/entry/src/main/ets/database/DatabaseMigration.ets:608:13
 Function may throw exceptions. Special handling is required.

73 WARN: ArkTS:WARN File: D:/DevEco_studio/ArkTavernSolo/entry/src/main/ets/database/DatabaseMigration.ets:637:13
 Function may throw exceptions. Special handling is required.

74 WARN: ArkTS:WARN File: D:/DevEco_studio/ArkTavernSolo/entry/src/main/ets/database/DatabaseMigration.ets:668:13
 Function may throw exceptions. Special handling is required.

75 WARN: ArkTS:WARN File: D:/DevEco_studio/ArkTavernSolo/entry/src/main/ets/database/DatabaseMigration.ets:672:13
 Function may throw exceptions. Special handling is required.

76 WARN: ArkTS:WARN File: D:/DevEco_studio/ArkTavernSolo/entry/src/main/ets/database/DatabaseMigration.ets:709:13
 Function may throw exceptions. Special handling is required.

77 WARN: ArkTS:WARN File: D:/DevEco_studio/ArkTavernSolo/entry/src/main/ets/database/DatabaseMigration.ets:748:13
 Function may throw exceptions. Special handling is required.

78 WARN: ArkTS:WARN File: D:/DevEco_studio/ArkTavernSolo/entry/src/main/ets/database/DatabaseMigration.ets:785:13
 Function may throw exceptions. Special handling is required.

79 WARN: ArkTS:WARN File: D:/DevEco_studio/ArkTavernSolo/entry/src/main/ets/database/DatabaseMigration.ets:822:13
 Function may throw exceptions. Special handling is required.

80 WARN: ArkTS:WARN File: D:/DevEco_studio/ArkTavernSolo/entry/src/main/ets/database/DatabaseMigration.ets:859:13
 Function may throw exceptions. Special handling is required.

81 WARN: ArkTS:WARN File: D:/DevEco_studio/ArkTavernSolo/entry/src/main/ets/database/DatabaseMigration.ets:892:13
 Function may throw exceptions. Special handling is required.

82 WARN: ArkTS:WARN File: D:/DevEco_studio/ArkTavernSolo/entry/src/main/ets/database/DatabaseMigration.ets:919:13
 Function may throw exceptions. Special handling is required.

83 WARN: ArkTS:WARN File: D:/DevEco_studio/ArkTavernSolo/entry/src/main/ets/database/DatabaseMigration.ets:934:13
 Function may throw exceptions. Special handling is required.

84 WARN: ArkTS:WARN File: D:/DevEco_studio/ArkTavernSolo/entry/src/main/ets/database/DatabaseMigration.ets:964:13
 Function may throw exceptions. Special handling is required.

85 WARN: ArkTS:WARN File: D:/DevEco_studio/ArkTavernSolo/entry/src/main/ets/database/DatabaseMigration.ets:990:13
 Function may throw exceptions. Special handling is required.

86 WARN: ArkTS:WARN File: D:/DevEco_studio/ArkTavernSolo/entry/src/main/ets/database/DatabaseMigration.ets:1017:13
 Function may throw exceptions. Special handling is required.

87 WARN: ArkTS:WARN File: D:/DevEco_studio/ArkTavernSolo/entry/src/main/ets/database/DatabaseMigration.ets:1043:13
 Function may throw exceptions. Special handling is required.

88 WARN: ArkTS:WARN File: D:/DevEco_studio/ArkTavernSolo/entry/src/main/ets/database/DatabaseMigration.ets:1058:13
 Function may throw exceptions. Special handling is required.

89 WARN: ArkTS:WARN File: D:/DevEco_studio/ArkTavernSolo/entry/src/main/ets/database/DatabaseMigration.ets:1073:13
 Function may throw exceptions. Special handling is required.

90 WARN: ArkTS:WARN File: D:/DevEco_studio/ArkTavernSolo/entry/src/main/ets/database/DatabaseMigration.ets:1088:13
 Function may throw exceptions. Special handling is required.

91 WARN: ArkTS:WARN File: D:/DevEco_studio/ArkTavernSolo/entry/src/main/ets/database/DatabaseMigration.ets:1103:13
 Function may throw exceptions. Special handling is required.

92 WARN: ArkTS:WARN File: D:/DevEco_studio/ArkTavernSolo/entry/src/main/ets/database/DatabaseMigration.ets:1118:13
 Function may throw exceptions. Special handling is required.

93 WARN: ArkTS:WARN File: D:/DevEco_studio/ArkTavernSolo/entry/src/main/ets/database/DatabaseMigration.ets:1133:13
 Function may throw exceptions. Special handling is required.

94 WARN: ArkTS:WARN File: D:/DevEco_studio/ArkTavernSolo/entry/src/main/ets/database/DatabaseMigration.ets:1158:13
 Function may throw exceptions. Special handling is required.

95 WARN: ArkTS:WARN File: D:/DevEco_studio/ArkTavernSolo/entry/src/main/ets/database/DatabaseMigration.ets:1183:13
 Function may throw exceptions. Special handling is required.

96 WARN: ArkTS:WARN File: D:/DevEco_studio/ArkTavernSolo/entry/src/main/ets/database/DbHelper.ets:332:13
 Function may throw exceptions. Special handling is required.

97 WARN: ArkTS:WARN File: D:/DevEco_studio/ArkTavernSolo/entry/src/main/ets/repositories/CharacterRepository.ets:107:22
 Function may throw exceptions. Special handling is required.

98 WARN: ArkTS:WARN File: D:/DevEco_studio/ArkTavernSolo/entry/src/main/ets/repositories/CharacterRepository.ets:107:35
 Function may throw exceptions. Special handling is required.

99 WARN: ArkTS:WARN File: D:/DevEco_studio/ArkTavernSolo/entry/src/main/ets/repositories/CharacterRepository.ets:111:24
 Function may throw exceptions. Special handling is required.

100 WARN: ArkTS:WARN File: D:/DevEco_studio/ArkTavernSolo/entry/src/main/ets/repositories/CharacterRepository.ets:111:37
 Function may throw exceptions. Special handling is required.

101 WARN: ArkTS:WARN File: D:/DevEco_studio/ArkTavernSolo/entry/src/main/ets/repositories/CharacterRepository.ets:115:31
 Function may throw exceptions. Special handling is required.

102 WARN: ArkTS:WARN File: D:/DevEco_studio/ArkTavernSolo/entry/src/main/ets/repositories/CharacterRepository.ets:115:44
 Function may throw exceptions. Special handling is required.

103 WARN: ArkTS:WARN File: D:/DevEco_studio/ArkTavernSolo/entry/src/main/ets/repositories/CharacterRepository.ets:116:31
 Function may throw exceptions. Special handling is required.

104 WARN: ArkTS:WARN File: D:/DevEco_studio/ArkTavernSolo/entry/src/main/ets/repositories/CharacterRepository.ets:116:44
 Function may throw exceptions. Special handling is required.

105 WARN: ArkTS:WARN File: D:/DevEco_studio/ArkTavernSolo/entry/src/main/ets/repositories/CharacterRepository.ets:117:28
 Function may throw exceptions. Special handling is required.

106 WARN: ArkTS:WARN File: D:/DevEco_studio/ArkTavernSolo/entry/src/main/ets/repositories/CharacterRepository.ets:117:41
 Function may throw exceptions. Special handling is required.

107 WARN: ArkTS:WARN File: D:/DevEco_studio/ArkTavernSolo/entry/src/main/ets/repositories/CharacterRepository.ets:118:32
 Function may throw exceptions. Special handling is required.

108 WARN: ArkTS:WARN File: D:/DevEco_studio/ArkTavernSolo/entry/src/main/ets/repositories/CharacterRepository.ets:118:45
 Function may throw exceptions. Special handling is required.

109 WARN: ArkTS:WARN File: D:/DevEco_studio/ArkTavernSolo/entry/src/main/ets/repositories/CharacterRepository.ets:119:32
 Function may throw exceptions. Special handling is required.

110 WARN: ArkTS:WARN File: D:/DevEco_studio/ArkTavernSolo/entry/src/main/ets/repositories/CharacterRepository.ets:119:45
 Function may throw exceptions. Special handling is required.

111 WARN: ArkTS:WARN File: D:/DevEco_studio/ArkTavernSolo/entry/src/main/ets/repositories/CharacterRepository.ets:120:29
 Function may throw exceptions. Special handling is required.

112 WARN: ArkTS:WARN File: D:/DevEco_studio/ArkTavernSolo/entry/src/main/ets/repositories/CharacterRepository.ets:120:42
 Function may throw exceptions. Special handling is required.

113 WARN: ArkTS:WARN File: D:/DevEco_studio/ArkTavernSolo/entry/src/main/ets/repositories/CharacterRepository.ets:121:29
 Function may throw exceptions. Special handling is required.

114 WARN: ArkTS:WARN File: D:/DevEco_studio/ArkTavernSolo/entry/src/main/ets/repositories/CharacterRepository.ets:121:40
 Function may throw exceptions. Special handling is required.

115 WARN: ArkTS:WARN File: D:/DevEco_studio/ArkTavernSolo/entry/src/main/ets/repositories/CharacterRepository.ets:122:29
 Function may throw exceptions. Special handling is required.

116 WARN: ArkTS:WARN File: D:/DevEco_studio/ArkTavernSolo/entry/src/main/ets/repositories/CharacterRepository.ets:122:40
 Function may throw exceptions. Special handling is required.

117 WARN: ArkTS:WARN File: D:/DevEco_studio/ArkTavernSolo/entry/src/main/ets/repositories/CharacterRepository.ets:172:23
 Function may throw exceptions. Special handling is required.

118 WARN: ArkTS:WARN File: D:/DevEco_studio/ArkTavernSolo/entry/src/main/ets/repositories/CharacterRepository.ets:189:23
 Function may throw exceptions. Special handling is required.

119 WARN: ArkTS:WARN File: D:/DevEco_studio/ArkTavernSolo/entry/src/main/ets/repositories/CharacterRepository.ets:205:23
 Function may throw exceptions. Special handling is required.

120 WARN: ArkTS:WARN File: D:/DevEco_studio/ArkTavernSolo/entry/src/main/ets/repositories/CharacterRepository.ets:237:23
 Function may throw exceptions. Special handling is required.

121 WARN: ArkTS:WARN File: D:/DevEco_studio/ArkTavernSolo/entry/src/main/ets/repositories/CharacterRepository.ets:337:49
 Function may throw exceptions. Special handling is required.

122 WARN: ArkTS:WARN File: D:/DevEco_studio/ArkTavernSolo/entry/src/main/ets/repositories/CharacterRepository.ets:339:12
 Function may throw exceptions. Special handling is required.

123 WARN: ArkTS:WARN File: D:/DevEco_studio/ArkTavernSolo/entry/src/main/ets/repositories/CharacterRepository.ets:344:7
 Function may throw exceptions. Special handling is required.

124 WARN: ArkTS:WARN File: D:/DevEco_studio/ArkTavernSolo/entry/src/main/ets/repositories/CharacterRepository.ets:356:49
 Function may throw exceptions. Special handling is required.

125 WARN: ArkTS:WARN File: D:/DevEco_studio/ArkTavernSolo/entry/src/main/ets/repositories/CharacterRepository.ets:359:14
 Function may throw exceptions. Special handling is required.

126 WARN: ArkTS:WARN File: D:/DevEco_studio/ArkTavernSolo/entry/src/main/ets/repositories/CharacterRepository.ets:364:7
 Function may throw exceptions. Special handling is required.

127 WARN: ArkTS:WARN File: D:/DevEco_studio/ArkTavernSolo/entry/src/main/ets/repositories/CharacterRepository.ets:474:49
 Function may throw exceptions. Special handling is required.

128 WARN: ArkTS:WARN File: D:/DevEco_studio/ArkTavernSolo/entry/src/main/ets/repositories/CharacterRepository.ets:476:12
 Function may throw exceptions. Special handling is required.

129 WARN: ArkTS:WARN File: D:/DevEco_studio/ArkTavernSolo/entry/src/main/ets/repositories/CharacterRepository.ets:479:27
 Function may throw exceptions. Special handling is required.

130 WARN: ArkTS:WARN File: D:/DevEco_studio/ArkTavernSolo/entry/src/main/ets/repositories/CharacterRepository.ets:483:14
 Function may throw exceptions. Special handling is required.

131 WARN: ArkTS:WARN File: D:/DevEco_studio/ArkTavernSolo/entry/src/main/ets/repositories/CharacterRepository.ets:485:7
 Function may throw exceptions. Special handling is required.

132 WARN: ArkTS:WARN File: D:/DevEco_studio/ArkTavernSolo/entry/src/main/ets/repositories/CharacterRepository.ets:516:49
 Function may throw exceptions. Special handling is required.

133 WARN: ArkTS:WARN File: D:/DevEco_studio/ArkTavernSolo/entry/src/main/ets/repositories/CharacterRepository.ets:518:12
 Function may throw exceptions. Special handling is required.

134 WARN: ArkTS:WARN File: D:/DevEco_studio/ArkTavernSolo/entry/src/main/ets/repositories/CharacterRepository.ets:521:27
 Function may throw exceptions. Special handling is required.

135 WARN: ArkTS:WARN File: D:/DevEco_studio/ArkTavernSolo/entry/src/main/ets/repositories/CharacterRepository.ets:525:14
 Function may throw exceptions. Special handling is required.

136 WARN: ArkTS:WARN File: D:/DevEco_studio/ArkTavernSolo/entry/src/main/ets/repositories/CharacterRepository.ets:527:7
 Function may throw exceptions. Special handling is required.

137 WARN: ArkTS:WARN File: D:/DevEco_studio/ArkTavernSolo/entry/src/main/ets/repositories/CharacterRepository.ets:541:11
 Function may throw exceptions. Special handling is required.

138 WARN: ArkTS:WARN File: D:/DevEco_studio/ArkTavernSolo/entry/src/main/ets/repositories/LorebookRepositoryMapper.ets:121:22
 Function may throw exceptions. Special handling is required.

139 WARN: ArkTS:WARN File: D:/DevEco_studio/ArkTavernSolo/entry/src/main/ets/repositories/LorebookRepositoryMapper.ets:121:35
 Function may throw exceptions. Special handling is required.

140 WARN: ArkTS:WARN File: D:/DevEco_studio/ArkTavernSolo/entry/src/main/ets/repositories/LorebookRepositoryMapper.ets:125:24
 Function may throw exceptions. Special handling is required.

141 WARN: ArkTS:WARN File: D:/DevEco_studio/ArkTavernSolo/entry/src/main/ets/repositories/LorebookRepositoryMapper.ets:125:37
 Function may throw exceptions. Special handling is required.

142 WARN: ArkTS:WARN File: D:/DevEco_studio/ArkTavernSolo/entry/src/main/ets/repositories/LorebookRepositoryMapper.ets:126:28
 Function may throw exceptions. Special handling is required.

143 WARN: ArkTS:WARN File: D:/DevEco_studio/ArkTavernSolo/entry/src/main/ets/repositories/LorebookRepositoryMapper.ets:126:41
 Function may throw exceptions. Special handling is required.

144 WARN: ArkTS:WARN File: D:/DevEco_studio/ArkTavernSolo/entry/src/main/ets/repositories/LorebookRepositoryMapper.ets:127:37
 Function may throw exceptions. Special handling is required.

145 WARN: ArkTS:WARN File: D:/DevEco_studio/ArkTavernSolo/entry/src/main/ets/repositories/LorebookRepositoryMapper.ets:127:50
 Function may throw exceptions. Special handling is required.

146 WARN: ArkTS:WARN File: D:/DevEco_studio/ArkTavernSolo/entry/src/main/ets/repositories/LorebookRepositoryMapper.ets:128:27
 Function may throw exceptions. Special handling is required.

147 WARN: ArkTS:WARN File: D:/DevEco_studio/ArkTavernSolo/entry/src/main/ets/repositories/LorebookRepositoryMapper.ets:128:40
 Function may throw exceptions. Special handling is required.

148 WARN: ArkTS:WARN File: D:/DevEco_studio/ArkTavernSolo/entry/src/main/ets/repositories/LorebookRepositoryMapper.ets:129:41
 Function may throw exceptions. Special handling is required.

149 WARN: ArkTS:WARN File: D:/DevEco_studio/ArkTavernSolo/entry/src/main/ets/repositories/LorebookRepositoryMapper.ets:129:52
 Function may throw exceptions. Special handling is required.

150 WARN: ArkTS:WARN File: D:/DevEco_studio/ArkTavernSolo/entry/src/main/ets/repositories/LorebookRepositoryMapper.ets:130:42
 Function may throw exceptions. Special handling is required.

151 WARN: ArkTS:WARN File: D:/DevEco_studio/ArkTavernSolo/entry/src/main/ets/repositories/LorebookRepositoryMapper.ets:130:53
 Function may throw exceptions. Special handling is required.

152 WARN: ArkTS:WARN File: D:/DevEco_studio/ArkTavernSolo/entry/src/main/ets/repositories/LorebookRepositoryMapper.ets:131:43
 Function may throw exceptions. Special handling is required.

153 WARN: ArkTS:WARN File: D:/DevEco_studio/ArkTavernSolo/entry/src/main/ets/repositories/LorebookRepositoryMapper.ets:131:54
 Function may throw exceptions. Special handling is required.

154 WARN: ArkTS:WARN File: D:/DevEco_studio/ArkTavernSolo/entry/src/main/ets/repositories/LorebookRepositoryMapper.ets:133:19
 Function may throw exceptions. Special handling is required.

155 WARN: ArkTS:WARN File: D:/DevEco_studio/ArkTavernSolo/entry/src/main/ets/repositories/LorebookRepositoryMapper.ets:133:32
 Function may throw exceptions. Special handling is required.

156 WARN: ArkTS:WARN File: D:/DevEco_studio/ArkTavernSolo/entry/src/main/ets/repositories/LorebookRepositoryMapper.ets:134:28
 Function may throw exceptions. Special handling is required.

157 WARN: ArkTS:WARN File: D:/DevEco_studio/ArkTavernSolo/entry/src/main/ets/repositories/LorebookRepositoryMapper.ets:134:39
 Function may throw exceptions. Special handling is required.

158 WARN: ArkTS:WARN File: D:/DevEco_studio/ArkTavernSolo/entry/src/main/ets/repositories/LorebookRepositoryMapper.ets:138:29
 Function may throw exceptions. Special handling is required.

159 WARN: ArkTS:WARN File: D:/DevEco_studio/ArkTavernSolo/entry/src/main/ets/repositories/LorebookRepositoryMapper.ets:138:40
 Function may throw exceptions. Special handling is required.

160 WARN: ArkTS:WARN File: D:/DevEco_studio/ArkTavernSolo/entry/src/main/ets/repositories/LorebookRepositoryMapper.ets:142:29
 Function may throw exceptions. Special handling is required.

161 WARN: ArkTS:WARN File: D:/DevEco_studio/ArkTavernSolo/entry/src/main/ets/repositories/LorebookRepositoryMapper.ets:142:40
 Function may throw exceptions. Special handling is required.

162 WARN: ArkTS:WARN File: D:/DevEco_studio/ArkTavernSolo/entry/src/main/ets/repositories/LorebookRepositoryMapper.ets:168:22
 Function may throw exceptions. Special handling is required.

163 WARN: ArkTS:WARN File: D:/DevEco_studio/ArkTavernSolo/entry/src/main/ets/repositories/LorebookRepositoryMapper.ets:168:35
 Function may throw exceptions. Special handling is required.

164 WARN: ArkTS:WARN File: D:/DevEco_studio/ArkTavernSolo/entry/src/main/ets/repositories/LorebookRepositoryMapper.ets:172:24
 Function may throw exceptions. Special handling is required.

165 WARN: ArkTS:WARN File: D:/DevEco_studio/ArkTavernSolo/entry/src/main/ets/repositories/LorebookRepositoryMapper.ets:172:37
 Function may throw exceptions. Special handling is required.

166 WARN: ArkTS:WARN File: D:/DevEco_studio/ArkTavernSolo/entry/src/main/ets/repositories/LorebookRepositoryMapper.ets:176:31
 Function may throw exceptions. Special handling is required.

167 WARN: ArkTS:WARN File: D:/DevEco_studio/ArkTavernSolo/entry/src/main/ets/repositories/LorebookRepositoryMapper.ets:176:44
 Function may throw exceptions. Special handling is required.

168 WARN: ArkTS:WARN File: D:/DevEco_studio/ArkTavernSolo/entry/src/main/ets/repositories/LorebookRepositoryMapper.ets:177:41
 Function may throw exceptions. Special handling is required.

169 WARN: ArkTS:WARN File: D:/DevEco_studio/ArkTavernSolo/entry/src/main/ets/repositories/LorebookRepositoryMapper.ets:177:52
 Function may throw exceptions. Special handling is required.

170 WARN: ArkTS:WARN File: D:/DevEco_studio/ArkTavernSolo/entry/src/main/ets/repositories/LorebookRepositoryMapper.ets:178:29
 Function may throw exceptions. Special handling is required.

171 WARN: ArkTS:WARN File: D:/DevEco_studio/ArkTavernSolo/entry/src/main/ets/repositories/LorebookRepositoryMapper.ets:178:40
 Function may throw exceptions. Special handling is required.

172 WARN: ArkTS:WARN File: D:/DevEco_studio/ArkTavernSolo/entry/src/main/ets/repositories/LorebookRepositoryMapper.ets:182:29
 Function may throw exceptions. Special handling is required.

173 WARN: ArkTS:WARN File: D:/DevEco_studio/ArkTavernSolo/entry/src/main/ets/repositories/LorebookRepositoryMapper.ets:182:40
 Function may throw exceptions. Special handling is required.

174 WARN: ArkTS:WARN File: D:/DevEco_studio/ArkTavernSolo/entry/src/main/ets/repositories/LorebookRepository.ets:108:49
 Function may throw exceptions. Special handling is required.

175 WARN: ArkTS:WARN File: D:/DevEco_studio/ArkTavernSolo/entry/src/main/ets/repositories/LorebookRepository.ets:110:12
 Function may throw exceptions. Special handling is required.

176 WARN: ArkTS:WARN File: D:/DevEco_studio/ArkTavernSolo/entry/src/main/ets/repositories/LorebookRepository.ets:128:7
 Function may throw exceptions. Special handling is required.

177 WARN: ArkTS:WARN File: D:/DevEco_studio/ArkTavernSolo/entry/src/main/ets/repositories/LorebookRepository.ets:140:49
 Function may throw exceptions. Special handling is required.

178 WARN: ArkTS:WARN File: D:/DevEco_studio/ArkTavernSolo/entry/src/main/ets/repositories/LorebookRepository.ets:142:14
 Function may throw exceptions. Special handling is required.

179 WARN: ArkTS:WARN File: D:/DevEco_studio/ArkTavernSolo/entry/src/main/ets/repositories/LorebookRepository.ets:146:7
 Function may throw exceptions. Special handling is required.

180 WARN: ArkTS:WARN File: D:/DevEco_studio/ArkTavernSolo/entry/src/main/ets/repositories/LorebookRepository.ets:160:54
 Function may throw exceptions. Special handling is required.

181 WARN: ArkTS:WARN File: D:/DevEco_studio/ArkTavernSolo/entry/src/main/ets/repositories/LorebookRepository.ets:162:14
 Function may throw exceptions. Special handling is required.

182 WARN: ArkTS:WARN File: D:/DevEco_studio/ArkTavernSolo/entry/src/main/ets/repositories/LorebookRepository.ets:164:29
 Function may throw exceptions. Special handling is required.

183 WARN: ArkTS:WARN File: D:/DevEco_studio/ArkTavernSolo/entry/src/main/ets/repositories/LorebookRepository.ets:165:11
 Function may throw exceptions. Special handling is required.

184 WARN: ArkTS:WARN File: D:/DevEco_studio/ArkTavernSolo/entry/src/main/ets/repositories/LorebookRepository.ets:175:7
 Function may throw exceptions. Special handling is required.

185 WARN: ArkTS:WARN File: D:/DevEco_studio/ArkTavernSolo/entry/src/main/ets/repositories/LorebookRepository.ets:324:49
 Function may throw exceptions. Special handling is required.

186 WARN: ArkTS:WARN File: D:/DevEco_studio/ArkTavernSolo/entry/src/main/ets/repositories/LorebookRepository.ets:328:11
 Function may throw exceptions. Special handling is required.

187 WARN: ArkTS:WARN File: D:/DevEco_studio/ArkTavernSolo/entry/src/main/ets/repositories/LorebookRepository.ets:329:28
 Function may throw exceptions. Special handling is required.

188 WARN: ArkTS:WARN File: D:/DevEco_studio/ArkTavernSolo/entry/src/main/ets/repositories/LorebookRepository.ets:331:18
 Function may throw exceptions. Special handling is required.

189 WARN: ArkTS:WARN File: D:/DevEco_studio/ArkTavernSolo/entry/src/main/ets/repositories/LorebookRepository.ets:336:7
 Function may throw exceptions. Special handling is required.

190 WARN: ArkTS:WARN File: D:/DevEco_studio/ArkTavernSolo/entry/src/main/ets/repositories/LorebookRepository.ets:357:49
 Function may throw exceptions. Special handling is required.

191 WARN: ArkTS:WARN File: D:/DevEco_studio/ArkTavernSolo/entry/src/main/ets/repositories/LorebookRepository.ets:359:14
 Function may throw exceptions. Special handling is required.

192 WARN: ArkTS:WARN File: D:/DevEco_studio/ArkTavernSolo/entry/src/main/ets/repositories/LorebookRepository.ets:361:7
 Function may throw exceptions. Special handling is required.

193 WARN: ArkTS:WARN File: D:/DevEco_studio/ArkTavernSolo/entry/src/main/ets/repositories/LorebookRepository.ets:372:49
 Function may throw exceptions. Special handling is required.

194 WARN: ArkTS:WARN File: D:/DevEco_studio/ArkTavernSolo/entry/src/main/ets/repositories/LorebookRepository.ets:374:12
 Function may throw exceptions. Special handling is required.

195 WARN: ArkTS:WARN File: D:/DevEco_studio/ArkTavernSolo/entry/src/main/ets/repositories/LorebookRepository.ets:392:7
 Function may throw exceptions. Special handling is required.

196 WARN: ArkTS:WARN File: D:/DevEco_studio/ArkTavernSolo/entry/src/main/ets/repositories/LorebookRepository.ets:461:49
 Function may throw exceptions. Special handling is required.

197 WARN: ArkTS:WARN File: D:/DevEco_studio/ArkTavernSolo/entry/src/main/ets/repositories/LorebookRepository.ets:464:14
 Function may throw exceptions. Special handling is required.

198 WARN: ArkTS:WARN File: D:/DevEco_studio/ArkTavernSolo/entry/src/main/ets/repositories/LorebookRepository.ets:469:7
 Function may throw exceptions. Special handling is required.

199 WARN: ArkTS:WARN File: D:/DevEco_studio/ArkTavernSolo/entry/src/main/ets/repositories/LorebookRepository.ets:481:49
 Function may throw exceptions. Special handling is required.

200 WARN: ArkTS:WARN File: D:/DevEco_studio/ArkTavernSolo/entry/src/main/ets/repositories/LorebookRepository.ets:484:14
 Function may throw exceptions. Special handling is required.

201 WARN: ArkTS:WARN File: D:/DevEco_studio/ArkTavernSolo/entry/src/main/ets/repositories/LorebookRepository.ets:489:7
 Function may throw exceptions. Special handling is required.

202 WARN: ArkTS:WARN File: D:/DevEco_studio/ArkTavernSolo/entry/src/main/ets/repositories/LorebookRepository.ets:500:49
 Function may throw exceptions. Special handling is required.

203 WARN: ArkTS:WARN File: D:/DevEco_studio/ArkTavernSolo/entry/src/main/ets/repositories/LorebookRepository.ets:502:12
 Function may throw exceptions. Special handling is required.

204 WARN: ArkTS:WARN File: D:/DevEco_studio/ArkTavernSolo/entry/src/main/ets/repositories/LorebookRepository.ets:505:26
 Function may throw exceptions. Special handling is required.

205 WARN: ArkTS:WARN File: D:/DevEco_studio/ArkTavernSolo/entry/src/main/ets/repositories/LorebookRepository.ets:509:14
 Function may throw exceptions. Special handling is required.

206 WARN: ArkTS:WARN File: D:/DevEco_studio/ArkTavernSolo/entry/src/main/ets/repositories/LorebookRepository.ets:511:7
 Function may throw exceptions. Special handling is required.

207 WARN: ArkTS:WARN File: D:/DevEco_studio/ArkTavernSolo/entry/src/main/ets/utils/ImageConverter.ets:88:51
 'packing' has been deprecated.

208 WARN: ArkTS:WARN File: D:/DevEco_studio/ArkTavernSolo/entry/src/main/ets/services/CharacterMigrationService.ets:66:38
 Function may throw exceptions. Special handling is required.

209 WARN: ArkTS:WARN File: D:/DevEco_studio/ArkTavernSolo/entry/src/main/ets/services/CharacterMigrationService.ets:116:11
 Function may throw exceptions. Special handling is required.

210 WARN: ArkTS:WARN File: D:/DevEco_studio/ArkTavernSolo/entry/src/main/ets/services/LorebookMigrationService.ets:58:13
 Function may throw exceptions. Special handling is required.

211 WARN: ArkTS:WARN File: D:/DevEco_studio/ArkTavernSolo/entry/src/main/ets/repositories/ChatRepository.ets:81:22
 Function may throw exceptions. Special handling is required.

212 WARN: ArkTS:WARN File: D:/DevEco_studio/ArkTavernSolo/entry/src/main/ets/repositories/ChatRepository.ets:81:35
 Function may throw exceptions. Special handling is required.

213 WARN: ArkTS:WARN File: D:/DevEco_studio/ArkTavernSolo/entry/src/main/ets/repositories/ChatRepository.ets:82:29
 Function may throw exceptions. Special handling is required.

214 WARN: ArkTS:WARN File: D:/DevEco_studio/ArkTavernSolo/entry/src/main/ets/repositories/ChatRepository.ets:84:24
 Function may throw exceptions. Special handling is required.

215 WARN: ArkTS:WARN File: D:/DevEco_studio/ArkTavernSolo/entry/src/main/ets/repositories/ChatRepository.ets:85:9
 Function may throw exceptions. Special handling is required.

216 WARN: ArkTS:WARN File: D:/DevEco_studio/ArkTavernSolo/entry/src/main/ets/repositories/ChatRepository.ets:87:25
 Function may throw exceptions. Special handling is required.

217 WARN: ArkTS:WARN File: D:/DevEco_studio/ArkTavernSolo/entry/src/main/ets/repositories/ChatRepository.ets:87:38
 Function may throw exceptions. Special handling is required.

218 WARN: ArkTS:WARN File: D:/DevEco_studio/ArkTavernSolo/entry/src/main/ets/repositories/ChatRepository.ets:88:29
 Function may throw exceptions. Special handling is required.

219 WARN: ArkTS:WARN File: D:/DevEco_studio/ArkTavernSolo/entry/src/main/ets/repositories/ChatRepository.ets:88:40
 Function may throw exceptions. Special handling is required.

220 WARN: ArkTS:WARN File: D:/DevEco_studio/ArkTavernSolo/entry/src/main/ets/repositories/ChatRepository.ets:89:29
 Function may throw exceptions. Special handling is required.

221 WARN: ArkTS:WARN File: D:/DevEco_studio/ArkTavernSolo/entry/src/main/ets/repositories/ChatRepository.ets:89:40
 Function may throw exceptions. Special handling is required.

222 WARN: ArkTS:WARN File: D:/DevEco_studio/ArkTavernSolo/entry/src/main/ets/repositories/ChatRepository.ets:90:33
 Function may throw exceptions. Special handling is required.

223 WARN: ArkTS:WARN File: D:/DevEco_studio/ArkTavernSolo/entry/src/main/ets/repositories/ChatRepository.ets:90:44
 Function may throw exceptions. Special handling is required.

224 WARN: ArkTS:WARN File: D:/DevEco_studio/ArkTavernSolo/entry/src/main/ets/repositories/ChatRepository.ets:91:33
 Function may throw exceptions. Special handling is required.

225 WARN: ArkTS:WARN File: D:/DevEco_studio/ArkTavernSolo/entry/src/main/ets/repositories/ChatRepository.ets:92:44
 Function may throw exceptions. Special handling is required.

226 WARN: ArkTS:WARN File: D:/DevEco_studio/ArkTavernSolo/entry/src/main/ets/repositories/ChatRepository.ets:93:32
 Function may throw exceptions. Special handling is required.

227 WARN: ArkTS:WARN File: D:/DevEco_studio/ArkTavernSolo/entry/src/main/ets/repositories/ChatRepository.ets:94:49
 Function may throw exceptions. Special handling is required.

228 WARN: ArkTS:WARN File: D:/DevEco_studio/ArkTavernSolo/entry/src/main/ets/repositories/ChatRepository.ets:95:39
 Function may throw exceptions. Special handling is required.

229 WARN: ArkTS:WARN File: D:/DevEco_studio/ArkTavernSolo/entry/src/main/ets/repositories/ChatRepository.ets:100:31
 Function may throw exceptions. Special handling is required.

230 WARN: ArkTS:WARN File: D:/DevEco_studio/ArkTavernSolo/entry/src/main/ets/repositories/ChatRepository.ets:102:8
 Function may throw exceptions. Special handling is required.

231 WARN: ArkTS:WARN File: D:/DevEco_studio/ArkTavernSolo/entry/src/main/ets/repositories/ChatRepository.ets:102:46
 Function may throw exceptions. Special handling is required.

232 WARN: ArkTS:WARN File: D:/DevEco_studio/ArkTavernSolo/entry/src/main/ets/repositories/ChatRepository.ets:105:39
 Function may throw exceptions. Special handling is required.

233 WARN: ArkTS:WARN File: D:/DevEco_studio/ArkTavernSolo/entry/src/main/ets/repositories/ChatRepository.ets:183:49
 Function may throw exceptions. Special handling is required.

234 WARN: ArkTS:WARN File: D:/DevEco_studio/ArkTavernSolo/entry/src/main/ets/repositories/ChatRepository.ets:185:12
 Function may throw exceptions. Special handling is required.

235 WARN: ArkTS:WARN File: D:/DevEco_studio/ArkTavernSolo/entry/src/main/ets/repositories/ChatRepository.ets:190:7
 Function may throw exceptions. Special handling is required.

236 WARN: ArkTS:WARN File: D:/DevEco_studio/ArkTavernSolo/entry/src/main/ets/repositories/ChatRepository.ets:233:49
 Function may throw exceptions. Special handling is required.

237 WARN: ArkTS:WARN File: D:/DevEco_studio/ArkTavernSolo/entry/src/main/ets/repositories/ChatRepository.ets:236:14
 Function may throw exceptions. Special handling is required.

238 WARN: ArkTS:WARN File: D:/DevEco_studio/ArkTavernSolo/entry/src/main/ets/repositories/ChatRepository.ets:241:7
 Function may throw exceptions. Special handling is required.

239 WARN: ArkTS:WARN File: D:/DevEco_studio/ArkTavernSolo/entry/src/main/ets/repositories/ChatRepository.ets:411:49
 Function may throw exceptions. Special handling is required.

240 WARN: ArkTS:WARN File: D:/DevEco_studio/ArkTavernSolo/entry/src/main/ets/repositories/ChatRepository.ets:415:11
 Function may throw exceptions. Special handling is required.

241 WARN: ArkTS:WARN File: D:/DevEco_studio/ArkTavernSolo/entry/src/main/ets/repositories/ChatRepository.ets:416:28
 Function may throw exceptions. Special handling is required.

242 WARN: ArkTS:WARN File: D:/DevEco_studio/ArkTavernSolo/entry/src/main/ets/repositories/ChatRepository.ets:418:18
 Function may throw exceptions. Special handling is required.

243 WARN: ArkTS:WARN File: D:/DevEco_studio/ArkTavernSolo/entry/src/main/ets/repositories/ChatRepository.ets:423:7
 Function may throw exceptions. Special handling is required.

244 WARN: ArkTS:WARN File: D:/DevEco_studio/ArkTavernSolo/entry/src/main/ets/repositories/ChatRepository.ets:434:49
 Function may throw exceptions. Special handling is required.

245 WARN: ArkTS:WARN File: D:/DevEco_studio/ArkTavernSolo/entry/src/main/ets/repositories/ChatRepository.ets:436:14
 Function may throw exceptions. Special handling is required.

246 WARN: ArkTS:WARN File: D:/DevEco_studio/ArkTavernSolo/entry/src/main/ets/repositories/ChatRepository.ets:438:7
 Function may throw exceptions. Special handling is required.

247 WARN: ArkTS:WARN File: D:/DevEco_studio/ArkTavernSolo/entry/src/main/ets/repositories/ChatRepository.ets:468:49
 Function may throw exceptions. Special handling is required.

248 WARN: ArkTS:WARN File: D:/DevEco_studio/ArkTavernSolo/entry/src/main/ets/repositories/ChatRepository.ets:470:12
 Function may throw exceptions. Special handling is required.

249 WARN: ArkTS:WARN File: D:/DevEco_studio/ArkTavernSolo/entry/src/main/ets/repositories/ChatRepository.ets:475:7
 Function may throw exceptions. Special handling is required.

250 WARN: ArkTS:WARN File: D:/DevEco_studio/ArkTavernSolo/entry/src/main/ets/repositories/ChatRepository.ets:528:49
 Function may throw exceptions. Special handling is required.

251 WARN: ArkTS:WARN File: D:/DevEco_studio/ArkTavernSolo/entry/src/main/ets/repositories/ChatRepository.ets:531:14
 Function may throw exceptions. Special handling is required.

252 WARN: ArkTS:WARN File: D:/DevEco_studio/ArkTavernSolo/entry/src/main/ets/repositories/ChatRepository.ets:536:7
 Function may throw exceptions. Special handling is required.

253 WARN: ArkTS:WARN File: D:/DevEco_studio/ArkTavernSolo/entry/src/main/ets/repositories/ChatRepository.ets:580:49
 Function may throw exceptions. Special handling is required.

254 WARN: ArkTS:WARN File: D:/DevEco_studio/ArkTavernSolo/entry/src/main/ets/repositories/ChatRepository.ets:583:14
 Function may throw exceptions. Special handling is required.

255 WARN: ArkTS:WARN File: D:/DevEco_studio/ArkTavernSolo/entry/src/main/ets/repositories/ChatRepository.ets:588:7
 Function may throw exceptions. Special handling is required.

256 WARN: ArkTS:WARN File: D:/DevEco_studio/ArkTavernSolo/entry/src/main/ets/repositories/ChatRepository.ets:632:49
 Function may throw exceptions. Special handling is required.

257 WARN: ArkTS:WARN File: D:/DevEco_studio/ArkTavernSolo/entry/src/main/ets/repositories/ChatRepository.ets:635:14
 Function may throw exceptions. Special handling is required.

258 WARN: ArkTS:WARN File: D:/DevEco_studio/ArkTavernSolo/entry/src/main/ets/repositories/ChatRepository.ets:640:7
 Function may throw exceptions. Special handling is required.

259 WARN: ArkTS:WARN File: D:/DevEco_studio/ArkTavernSolo/entry/src/main/ets/repositories/ChatRepository.ets:654:49
 Function may throw exceptions. Special handling is required.

260 WARN: ArkTS:WARN File: D:/DevEco_studio/ArkTavernSolo/entry/src/main/ets/repositories/ChatRepository.ets:656:12
 Function may throw exceptions. Special handling is required.

261 WARN: ArkTS:WARN File: D:/DevEco_studio/ArkTavernSolo/entry/src/main/ets/repositories/ChatRepository.ets:659:27
 Function may throw exceptions. Special handling is required.

262 WARN: ArkTS:WARN File: D:/DevEco_studio/ArkTavernSolo/entry/src/main/ets/repositories/ChatRepository.ets:663:14
 Function may throw exceptions. Special handling is required.

263 WARN: ArkTS:WARN File: D:/DevEco_studio/ArkTavernSolo/entry/src/main/ets/repositories/ChatRepository.ets:665:7
 Function may throw exceptions. Special handling is required.

264 WARN: ArkTS:WARN File: D:/DevEco_studio/ArkTavernSolo/entry/src/main/ets/repositories/ChatRepository.ets:696:49
 Function may throw exceptions. Special handling is required.

265 WARN: ArkTS:WARN File: D:/DevEco_studio/ArkTavernSolo/entry/src/main/ets/repositories/ChatRepository.ets:698:12
 Function may throw exceptions. Special handling is required.

266 WARN: ArkTS:WARN File: D:/DevEco_studio/ArkTavernSolo/entry/src/main/ets/repositories/ChatRepository.ets:701:27
 Function may throw exceptions. Special handling is required.

267 WARN: ArkTS:WARN File: D:/DevEco_studio/ArkTavernSolo/entry/src/main/ets/repositories/ChatRepository.ets:705:14
 Function may throw exceptions. Special handling is required.

268 WARN: ArkTS:WARN File: D:/DevEco_studio/ArkTavernSolo/entry/src/main/ets/repositories/ChatRepository.ets:707:7
 Function may throw exceptions. Special handling is required.

269 WARN: ArkTS:WARN File: D:/DevEco_studio/ArkTavernSolo/entry/src/main/ets/repositories/ChatRepository.ets:721:11
 Function may throw exceptions. Special handling is required.

270 WARN: ArkTS:WARN File: D:/DevEco_studio/ArkTavernSolo/entry/src/main/ets/repositories/MessageRepository.ets:230:22
 Function may throw exceptions. Special handling is required.

271 WARN: ArkTS:WARN File: D:/DevEco_studio/ArkTavernSolo/entry/src/main/ets/repositories/MessageRepository.ets:230:35
 Function may throw exceptions. Special handling is required.

272 WARN: ArkTS:WARN File: D:/DevEco_studio/ArkTavernSolo/entry/src/main/ets/repositories/MessageRepository.ets:231:40
 Function may throw exceptions. Special handling is required.

273 WARN: ArkTS:WARN File: D:/DevEco_studio/ArkTavernSolo/entry/src/main/ets/repositories/MessageRepository.ets:231:53
 Function may throw exceptions. Special handling is required.

274 WARN: ArkTS:WARN File: D:/DevEco_studio/ArkTavernSolo/entry/src/main/ets/repositories/MessageRepository.ets:232:27
 Function may throw exceptions. Special handling is required.

275 WARN: ArkTS:WARN File: D:/DevEco_studio/ArkTavernSolo/entry/src/main/ets/repositories/MessageRepository.ets:232:40
 Function may throw exceptions. Special handling is required.

276 WARN: ArkTS:WARN File: D:/DevEco_studio/ArkTavernSolo/entry/src/main/ets/repositories/MessageRepository.ets:233:29
 Function may throw exceptions. Special handling is required.

277 WARN: ArkTS:WARN File: D:/DevEco_studio/ArkTavernSolo/entry/src/main/ets/repositories/MessageRepository.ets:233:40
 Function may throw exceptions. Special handling is required.

278 WARN: ArkTS:WARN File: D:/DevEco_studio/ArkTavernSolo/entry/src/main/ets/repositories/MessageRepository.ets:235:32
 Function may throw exceptions. Special handling is required.

279 WARN: ArkTS:WARN File: D:/DevEco_studio/ArkTavernSolo/entry/src/main/ets/repositories/MessageRepository.ets:237:28
 Function may throw exceptions. Special handling is required.

280 WARN: ArkTS:WARN File: D:/DevEco_studio/ArkTavernSolo/entry/src/main/ets/repositories/MessageRepository.ets:238:9
 Function may throw exceptions. Special handling is required.

281 WARN: ArkTS:WARN File: D:/DevEco_studio/ArkTavernSolo/entry/src/main/ets/repositories/MessageRepository.ets:241:29
 Function may throw exceptions. Special handling is required.

282 WARN: ArkTS:WARN File: D:/DevEco_studio/ArkTavernSolo/entry/src/main/ets/repositories/MessageRepository.ets:241:42
 Function may throw exceptions. Special handling is required.

283 WARN: ArkTS:WARN File: D:/DevEco_studio/ArkTavernSolo/entry/src/main/ets/repositories/MessageRepository.ets:244:34
 Function may throw exceptions. Special handling is required.

284 WARN: ArkTS:WARN File: D:/DevEco_studio/ArkTavernSolo/entry/src/main/ets/repositories/MessageRepository.ets:245:45
 Function may throw exceptions. Special handling is required.

285 WARN: ArkTS:WARN File: D:/DevEco_studio/ArkTavernSolo/entry/src/main/ets/repositories/MessageRepository.ets:247:35
 Function may throw exceptions. Special handling is required.

286 WARN: ArkTS:WARN File: D:/DevEco_studio/ArkTavernSolo/entry/src/main/ets/repositories/MessageRepository.ets:249:31
 Function may throw exceptions. Special handling is required.

287 WARN: ArkTS:WARN File: D:/DevEco_studio/ArkTavernSolo/entry/src/main/ets/repositories/MessageRepository.ets:250:9
 Function may throw exceptions. Special handling is required.

288 WARN: ArkTS:WARN File: D:/DevEco_studio/ArkTavernSolo/entry/src/main/ets/repositories/MessageRepository.ets:253:29
 Function may throw exceptions. Special handling is required.

289 WARN: ArkTS:WARN File: D:/DevEco_studio/ArkTavernSolo/entry/src/main/ets/repositories/MessageRepository.ets:255:25
 Function may throw exceptions. Special handling is required.

290 WARN: ArkTS:WARN File: D:/DevEco_studio/ArkTavernSolo/entry/src/main/ets/repositories/MessageRepository.ets:256:9
 Function may throw exceptions. Special handling is required.

291 WARN: ArkTS:WARN File: D:/DevEco_studio/ArkTavernSolo/entry/src/main/ets/repositories/MessageRepository.ets:261:33
 Function may throw exceptions. Special handling is required.

292 WARN: ArkTS:WARN File: D:/DevEco_studio/ArkTavernSolo/entry/src/main/ets/repositories/MessageRepository.ets:263:29
 Function may throw exceptions. Special handling is required.

293 WARN: ArkTS:WARN File: D:/DevEco_studio/ArkTavernSolo/entry/src/main/ets/repositories/MessageRepository.ets:264:9
 Function may throw exceptions. Special handling is required.

294 WARN: ArkTS:WARN File: D:/DevEco_studio/ArkTavernSolo/entry/src/main/ets/repositories/MessageRepository.ets:268:40
 Function may throw exceptions. Special handling is required.

295 WARN: ArkTS:WARN File: D:/DevEco_studio/ArkTavernSolo/entry/src/main/ets/repositories/MessageRepository.ets:270:36
 Function may throw exceptions. Special handling is required.

296 WARN: ArkTS:WARN File: D:/DevEco_studio/ArkTavernSolo/entry/src/main/ets/repositories/MessageRepository.ets:271:9
 Function may throw exceptions. Special handling is required.

297 WARN: ArkTS:WARN File: D:/DevEco_studio/ArkTavernSolo/entry/src/main/ets/repositories/MessageRepository.ets:274:30
 Function may throw exceptions. Special handling is required.

298 WARN: ArkTS:WARN File: D:/DevEco_studio/ArkTavernSolo/entry/src/main/ets/repositories/MessageRepository.ets:276:26
 Function may throw exceptions. Special handling is required.

299 WARN: ArkTS:WARN File: D:/DevEco_studio/ArkTavernSolo/entry/src/main/ets/repositories/MessageRepository.ets:277:9
 Function may throw exceptions. Special handling is required.

300 WARN: ArkTS:WARN File: D:/DevEco_studio/ArkTavernSolo/entry/src/main/ets/repositories/MessageRepository.ets:280:40
 Function may throw exceptions. Special handling is required.

301 WARN: ArkTS:WARN File: D:/DevEco_studio/ArkTavernSolo/entry/src/main/ets/repositories/MessageRepository.ets:282:36
 Function may throw exceptions. Special handling is required.

302 WARN: ArkTS:WARN File: D:/DevEco_studio/ArkTavernSolo/entry/src/main/ets/repositories/MessageRepository.ets:283:9
 Function may throw exceptions. Special handling is required.

303 WARN: ArkTS:WARN File: D:/DevEco_studio/ArkTavernSolo/entry/src/main/ets/repositories/MessageRepository.ets:287:33
 Function may throw exceptions. Special handling is required.

304 WARN: ArkTS:WARN File: D:/DevEco_studio/ArkTavernSolo/entry/src/main/ets/repositories/MessageRepository.ets:289:29
 Function may throw exceptions. Special handling is required.

305 WARN: ArkTS:WARN File: D:/DevEco_studio/ArkTavernSolo/entry/src/main/ets/repositories/MessageRepository.ets:290:9
 Function may throw exceptions. Special handling is required.

306 WARN: ArkTS:WARN File: D:/DevEco_studio/ArkTavernSolo/entry/src/main/ets/repositories/MessageRepository.ets:294:35
 Function may throw exceptions. Special handling is required.

307 WARN: ArkTS:WARN File: D:/DevEco_studio/ArkTavernSolo/entry/src/main/ets/repositories/MessageRepository.ets:296:31
 Function may throw exceptions. Special handling is required.

308 WARN: ArkTS:WARN File: D:/DevEco_studio/ArkTavernSolo/entry/src/main/ets/repositories/MessageRepository.ets:297:9
 Function may throw exceptions. Special handling is required.

309 WARN: ArkTS:WARN File: D:/DevEco_studio/ArkTavernSolo/entry/src/main/ets/repositories/MessageRepository.ets:304:37
 Function may throw exceptions. Special handling is required.

310 WARN: ArkTS:WARN File: D:/DevEco_studio/ArkTavernSolo/entry/src/main/ets/repositories/MessageRepository.ets:306:33
 Function may throw exceptions. Special handling is required.

311 WARN: ArkTS:WARN File: D:/DevEco_studio/ArkTavernSolo/entry/src/main/ets/repositories/MessageRepository.ets:307:9
 Function may throw exceptions. Special handling is required.

312 WARN: ArkTS:WARN File: D:/DevEco_studio/ArkTavernSolo/entry/src/main/ets/repositories/MessageRepository.ets:314:33
 Function may throw exceptions. Special handling is required.

313 WARN: ArkTS:WARN File: D:/DevEco_studio/ArkTavernSolo/entry/src/main/ets/repositories/MessageRepository.ets:316:29
 Function may throw exceptions. Special handling is required.

314 WARN: ArkTS:WARN File: D:/DevEco_studio/ArkTavernSolo/entry/src/main/ets/repositories/MessageRepository.ets:317:9
 Function may throw exceptions. Special handling is required.

315 WARN: ArkTS:WARN File: D:/DevEco_studio/ArkTavernSolo/entry/src/main/ets/repositories/MessageRepository.ets:325:37
 Function may throw exceptions. Special handling is required.

316 WARN: ArkTS:WARN File: D:/DevEco_studio/ArkTavernSolo/entry/src/main/ets/repositories/MessageRepository.ets:327:33
 Function may throw exceptions. Special handling is required.

317 WARN: ArkTS:WARN File: D:/DevEco_studio/ArkTavernSolo/entry/src/main/ets/repositories/MessageRepository.ets:328:9
 Function may throw exceptions. Special handling is required.

318 WARN: ArkTS:WARN File: D:/DevEco_studio/ArkTavernSolo/entry/src/main/ets/repositories/MessageRepository.ets:382:22
 Function may throw exceptions. Special handling is required.

319 WARN: ArkTS:WARN File: D:/DevEco_studio/ArkTavernSolo/entry/src/main/ets/repositories/MessageRepository.ets:386:23
 Function may throw exceptions. Special handling is required.

320 WARN: ArkTS:WARN File: D:/DevEco_studio/ArkTavernSolo/entry/src/main/ets/repositories/MessageRepository.ets:487:49
 Function may throw exceptions. Special handling is required.

321 WARN: ArkTS:WARN File: D:/DevEco_studio/ArkTavernSolo/entry/src/main/ets/repositories/MessageRepository.ets:489:12
 Function may throw exceptions. Special handling is required.

322 WARN: ArkTS:WARN File: D:/DevEco_studio/ArkTavernSolo/entry/src/main/ets/repositories/MessageRepository.ets:494:7
 Function may throw exceptions. Special handling is required.

323 WARN: ArkTS:WARN File: D:/DevEco_studio/ArkTavernSolo/entry/src/main/ets/repositories/MessageRepository.ets:522:51
 Function may throw exceptions. Special handling is required.

324 WARN: ArkTS:WARN File: D:/DevEco_studio/ArkTavernSolo/entry/src/main/ets/repositories/MessageRepository.ets:524:16
 Function may throw exceptions. Special handling is required.

325 WARN: ArkTS:WARN File: D:/DevEco_studio/ArkTavernSolo/entry/src/main/ets/repositories/MessageRepository.ets:529:9
 Function may throw exceptions. Special handling is required.

326 WARN: ArkTS:WARN File: D:/DevEco_studio/ArkTavernSolo/entry/src/main/ets/repositories/MessageRepository.ets:574:49
 Function may throw exceptions. Special handling is required.

327 WARN: ArkTS:WARN File: D:/DevEco_studio/ArkTavernSolo/entry/src/main/ets/repositories/MessageRepository.ets:577:14
 Function may throw exceptions. Special handling is required.

328 WARN: ArkTS:WARN File: D:/DevEco_studio/ArkTavernSolo/entry/src/main/ets/repositories/MessageRepository.ets:582:7
 Function may throw exceptions. Special handling is required.

329 WARN: ArkTS:WARN File: D:/DevEco_studio/ArkTavernSolo/entry/src/main/ets/repositories/MessageRepository.ets:625:49
 Function may throw exceptions. Special handling is required.

330 WARN: ArkTS:WARN File: D:/DevEco_studio/ArkTavernSolo/entry/src/main/ets/repositories/MessageRepository.ets:628:14
 Function may throw exceptions. Special handling is required.

331 WARN: ArkTS:WARN File: D:/DevEco_studio/ArkTavernSolo/entry/src/main/ets/repositories/MessageRepository.ets:639:7
 Function may throw exceptions. Special handling is required.

332 WARN: ArkTS:WARN File: D:/DevEco_studio/ArkTavernSolo/entry/src/main/ets/repositories/MessageRepository.ets:653:13
 Function may throw exceptions. Special handling is required.

333 WARN: ArkTS:WARN File: D:/DevEco_studio/ArkTavernSolo/entry/src/main/ets/repositories/MessageRepository.ets:655:11
 Function may throw exceptions. Special handling is required.

334 WARN: ArkTS:WARN File: D:/DevEco_studio/ArkTavernSolo/entry/src/main/ets/repositories/MessageRepository.ets:656:28
 Function may throw exceptions. Special handling is required.

335 WARN: ArkTS:WARN File: D:/DevEco_studio/ArkTavernSolo/entry/src/main/ets/repositories/MessageRepository.ets:657:25
 Function may throw exceptions. Special handling is required.

336 WARN: ArkTS:WARN File: D:/DevEco_studio/ArkTavernSolo/entry/src/main/ets/repositories/MessageRepository.ets:658:31
 Function may throw exceptions. Special handling is required.

337 WARN: ArkTS:WARN File: D:/DevEco_studio/ArkTavernSolo/entry/src/main/ets/repositories/MessageRepository.ets:666:7
 Function may throw exceptions. Special handling is required.

338 WARN: ArkTS:WARN File: D:/DevEco_studio/ArkTavernSolo/entry/src/main/ets/repositories/MessageRepository.ets:824:13
 Function may throw exceptions. Special handling is required.

339 WARN: ArkTS:WARN File: D:/DevEco_studio/ArkTavernSolo/entry/src/main/ets/repositories/MessageRepository.ets:826:11
 Function may throw exceptions. Special handling is required.

340 WARN: ArkTS:WARN File: D:/DevEco_studio/ArkTavernSolo/entry/src/main/ets/repositories/MessageRepository.ets:827:28
 Function may throw exceptions. Special handling is required.

341 WARN: ArkTS:WARN File: D:/DevEco_studio/ArkTavernSolo/entry/src/main/ets/repositories/MessageRepository.ets:829:18
 Function may throw exceptions. Special handling is required.

342 WARN: ArkTS:WARN File: D:/DevEco_studio/ArkTavernSolo/entry/src/main/ets/repositories/MessageRepository.ets:834:7
 Function may throw exceptions. Special handling is required.

343 WARN: ArkTS:WARN File: D:/DevEco_studio/ArkTavernSolo/entry/src/main/ets/repositories/MessageRepository.ets:845:49
 Function may throw exceptions. Special handling is required.

344 WARN: ArkTS:WARN File: D:/DevEco_studio/ArkTavernSolo/entry/src/main/ets/repositories/MessageRepository.ets:847:14
 Function may throw exceptions. Special handling is required.

345 WARN: ArkTS:WARN File: D:/DevEco_studio/ArkTavernSolo/entry/src/main/ets/repositories/MessageRepository.ets:849:7
 Function may throw exceptions. Special handling is required.

346 WARN: ArkTS:WARN File: D:/DevEco_studio/ArkTavernSolo/entry/src/main/ets/repositories/MessageRepository.ets:952:49
 Function may throw exceptions. Special handling is required.

347 WARN: ArkTS:WARN File: D:/DevEco_studio/ArkTavernSolo/entry/src/main/ets/repositories/MessageRepository.ets:954:12
 Function may throw exceptions. Special handling is required.

348 WARN: ArkTS:WARN File: D:/DevEco_studio/ArkTavernSolo/entry/src/main/ets/repositories/MessageRepository.ets:957:26
 Function may throw exceptions. Special handling is required.

349 WARN: ArkTS:WARN File: D:/DevEco_studio/ArkTavernSolo/entry/src/main/ets/repositories/MessageRepository.ets:959:16
 Function may throw exceptions. Special handling is required.

350 WARN: ArkTS:WARN File: D:/DevEco_studio/ArkTavernSolo/entry/src/main/ets/repositories/MessageRepository.ets:963:7
 Function may throw exceptions. Special handling is required.

351 WARN: ArkTS:WARN File: D:/DevEco_studio/ArkTavernSolo/entry/src/main/ets/repositories/MessageRepository.ets:1002:49
 Function may throw exceptions. Special handling is required.

352 WARN: ArkTS:WARN File: D:/DevEco_studio/ArkTavernSolo/entry/src/main/ets/repositories/MessageRepository.ets:1005:14
 Function may throw exceptions. Special handling is required.

353 WARN: ArkTS:WARN File: D:/DevEco_studio/ArkTavernSolo/entry/src/main/ets/repositories/MessageRepository.ets:1010:7
 Function may throw exceptions. Special handling is required.

354 WARN: ArkTS:WARN File: D:/DevEco_studio/ArkTavernSolo/entry/src/main/ets/repositories/MessageRepository.ets:1040:49
 Function may throw exceptions. Special handling is required.

355 WARN: ArkTS:WARN File: D:/DevEco_studio/ArkTavernSolo/entry/src/main/ets/repositories/MessageRepository.ets:1043:14
 Function may throw exceptions. Special handling is required.

356 WARN: ArkTS:WARN File: D:/DevEco_studio/ArkTavernSolo/entry/src/main/ets/repositories/MessageRepository.ets:1048:7
 Function may throw exceptions. Special handling is required.

357 WARN: ArkTS:WARN File: D:/DevEco_studio/ArkTavernSolo/entry/src/main/ets/repositories/MessageSwipeRepositoryMapper.ets:53:38
 Function may throw exceptions. Special handling is required.

358 WARN: ArkTS:WARN File: D:/DevEco_studio/ArkTavernSolo/entry/src/main/ets/repositories/MessageSwipeRepositoryMapper.ets:53:51
 Function may throw exceptions. Special handling is required.

359 WARN: ArkTS:WARN File: D:/DevEco_studio/ArkTavernSolo/entry/src/main/ets/repositories/MessageSwipeRepositoryMapper.ets:58:26
 Function may throw exceptions. Special handling is required.

360 WARN: ArkTS:WARN File: D:/DevEco_studio/ArkTavernSolo/entry/src/main/ets/repositories/MessageSwipeRepositoryMapper.ets:58:39
 Function may throw exceptions. Special handling is required.

361 WARN: ArkTS:WARN File: D:/DevEco_studio/ArkTavernSolo/entry/src/main/ets/repositories/MessageSwipeRepositoryMapper.ets:63:31
 Function may throw exceptions. Special handling is required.

362 WARN: ArkTS:WARN File: D:/DevEco_studio/ArkTavernSolo/entry/src/main/ets/repositories/MessageSwipeRepositoryMapper.ets:63:42
 Function may throw exceptions. Special handling is required.

363 WARN: ArkTS:WARN File: D:/DevEco_studio/ArkTavernSolo/entry/src/main/ets/repositories/MessageSwipeRepositoryMapper.ets:68:29
 Function may throw exceptions. Special handling is required.

364 WARN: ArkTS:WARN File: D:/DevEco_studio/ArkTavernSolo/entry/src/main/ets/repositories/MessageSwipeRepositoryMapper.ets:68:40
 Function may throw exceptions. Special handling is required.

365 WARN: ArkTS:WARN File: D:/DevEco_studio/ArkTavernSolo/entry/src/main/ets/repositories/MessageSwipeRepositoryMapper.ets:73:29
 Function may throw exceptions. Special handling is required.

366 WARN: ArkTS:WARN File: D:/DevEco_studio/ArkTavernSolo/entry/src/main/ets/repositories/MessageSwipeRepositoryMapper.ets:73:40
 Function may throw exceptions. Special handling is required.

367 WARN: ArkTS:WARN File: D:/DevEco_studio/ArkTavernSolo/entry/src/main/ets/repositories/MessageSwipeRepositoryMapper.ets:122:22
 Function may throw exceptions. Special handling is required.

368 WARN: ArkTS:WARN File: D:/DevEco_studio/ArkTavernSolo/entry/src/main/ets/repositories/MessageSwipeRepositoryMapper.ets:122:35
 Function may throw exceptions. Special handling is required.

369 WARN: ArkTS:WARN File: D:/DevEco_studio/ArkTavernSolo/entry/src/main/ets/repositories/MessageSwipeRepositoryMapper.ets:127:38
 Function may throw exceptions. Special handling is required.

370 WARN: ArkTS:WARN File: D:/DevEco_studio/ArkTavernSolo/entry/src/main/ets/repositories/MessageSwipeRepositoryMapper.ets:127:51
 Function may throw exceptions. Special handling is required.

371 WARN: ArkTS:WARN File: D:/DevEco_studio/ArkTavernSolo/entry/src/main/ets/repositories/MessageSwipeRepositoryMapper.ets:132:34
 Function may throw exceptions. Special handling is required.

372 WARN: ArkTS:WARN File: D:/DevEco_studio/ArkTavernSolo/entry/src/main/ets/repositories/MessageSwipeRepositoryMapper.ets:132:45
 Function may throw exceptions. Special handling is required.

373 WARN: ArkTS:WARN File: D:/DevEco_studio/ArkTavernSolo/entry/src/main/ets/repositories/MessageSwipeRepositoryMapper.ets:137:27
 Function may throw exceptions. Special handling is required.

374 WARN: ArkTS:WARN File: D:/DevEco_studio/ArkTavernSolo/entry/src/main/ets/repositories/MessageSwipeRepositoryMapper.ets:137:40
 Function may throw exceptions. Special handling is required.

375 WARN: ArkTS:WARN File: D:/DevEco_studio/ArkTavernSolo/entry/src/main/ets/repositories/MessageSwipeRepositoryMapper.ets:139:29
 Function may throw exceptions. Special handling is required.

376 WARN: ArkTS:WARN File: D:/DevEco_studio/ArkTavernSolo/entry/src/main/ets/repositories/MessageSwipeRepositoryMapper.ets:139:42
 Function may throw exceptions. Special handling is required.

377 WARN: ArkTS:WARN File: D:/DevEco_studio/ArkTavernSolo/entry/src/main/ets/repositories/MessageSwipeRepositoryMapper.ets:142:35
 Function may throw exceptions. Special handling is required.

378 WARN: ArkTS:WARN File: D:/DevEco_studio/ArkTavernSolo/entry/src/main/ets/repositories/MessageSwipeRepositoryMapper.ets:144:31
 Function may throw exceptions. Special handling is required.

379 WARN: ArkTS:WARN File: D:/DevEco_studio/ArkTavernSolo/entry/src/main/ets/repositories/MessageSwipeRepositoryMapper.ets:145:9
 Function may throw exceptions. Special handling is required.

380 WARN: ArkTS:WARN File: D:/DevEco_studio/ArkTavernSolo/entry/src/main/ets/repositories/MessageSwipeRepositoryMapper.ets:148:34
 Function may throw exceptions. Special handling is required.

381 WARN: ArkTS:WARN File: D:/DevEco_studio/ArkTavernSolo/entry/src/main/ets/repositories/MessageSwipeRepositoryMapper.ets:148:45
 Function may throw exceptions. Special handling is required.

382 WARN: ArkTS:WARN File: D:/DevEco_studio/ArkTavernSolo/entry/src/main/ets/repositories/MessageSwipeRepositoryMapper.ets:151:29
 Function may throw exceptions. Special handling is required.

383 WARN: ArkTS:WARN File: D:/DevEco_studio/ArkTavernSolo/entry/src/main/ets/repositories/MessageSwipeRepositoryMapper.ets:151:40
 Function may throw exceptions. Special handling is required.

384 WARN: ArkTS:WARN File: D:/DevEco_studio/ArkTavernSolo/entry/src/main/ets/repositories/MessageSwipeRepositoryMapper.ets:156:32
 Function may throw exceptions. Special handling is required.

385 WARN: ArkTS:WARN File: D:/DevEco_studio/ArkTavernSolo/entry/src/main/ets/repositories/MessageSwipeRepositoryMapper.ets:158:28
 Function may throw exceptions. Special handling is required.

386 WARN: ArkTS:WARN File: D:/DevEco_studio/ArkTavernSolo/entry/src/main/ets/repositories/MessageSwipeRepositoryMapper.ets:159:9
 Function may throw exceptions. Special handling is required.

387 WARN: ArkTS:WARN File: D:/DevEco_studio/ArkTavernSolo/entry/src/main/ets/repositories/MessageSwipeRepository.ets:88:49
 Function may throw exceptions. Special handling is required.

388 WARN: ArkTS:WARN File: D:/DevEco_studio/ArkTavernSolo/entry/src/main/ets/repositories/MessageSwipeRepository.ets:90:12
 Function may throw exceptions. Special handling is required.

389 WARN: ArkTS:WARN File: D:/DevEco_studio/ArkTavernSolo/entry/src/main/ets/repositories/MessageSwipeRepository.ets:95:7
 Function may throw exceptions. Special handling is required.

390 WARN: ArkTS:WARN File: D:/DevEco_studio/ArkTavernSolo/entry/src/main/ets/repositories/MessageSwipeRepository.ets:163:36
 Function may throw exceptions. Special handling is required.

391 WARN: ArkTS:WARN File: D:/DevEco_studio/ArkTavernSolo/entry/src/main/ets/repositories/MessageSwipeRepository.ets:198:49
 Function may throw exceptions. Special handling is required.

392 WARN: ArkTS:WARN File: D:/DevEco_studio/ArkTavernSolo/entry/src/main/ets/repositories/MessageSwipeRepository.ets:200:12
 Function may throw exceptions. Special handling is required.

393 WARN: ArkTS:WARN File: D:/DevEco_studio/ArkTavernSolo/entry/src/main/ets/repositories/MessageSwipeRepository.ets:205:7
 Function may throw exceptions. Special handling is required.

394 WARN: ArkTS:WARN File: D:/DevEco_studio/ArkTavernSolo/entry/src/main/ets/repositories/MessageSwipeRepository.ets:230:49
 Function may throw exceptions. Special handling is required.

395 WARN: ArkTS:WARN File: D:/DevEco_studio/ArkTavernSolo/entry/src/main/ets/repositories/MessageSwipeRepository.ets:233:14
 Function may throw exceptions. Special handling is required.

396 WARN: ArkTS:WARN File: D:/DevEco_studio/ArkTavernSolo/entry/src/main/ets/repositories/MessageSwipeRepository.ets:238:7
 Function may throw exceptions. Special handling is required.

397 WARN: ArkTS:WARN File: D:/DevEco_studio/ArkTavernSolo/entry/src/main/ets/repositories/MessageSwipeRepository.ets:252:49
 Function may throw exceptions. Special handling is required.

398 WARN: ArkTS:WARN File: D:/DevEco_studio/ArkTavernSolo/entry/src/main/ets/repositories/MessageSwipeRepository.ets:255:14
 Function may throw exceptions. Special handling is required.

399 WARN: ArkTS:WARN File: D:/DevEco_studio/ArkTavernSolo/entry/src/main/ets/repositories/MessageSwipeRepository.ets:260:7
 Function may throw exceptions. Special handling is required.

400 WARN: ArkTS:WARN File: D:/DevEco_studio/ArkTavernSolo/entry/src/main/ets/repositories/MessageSwipeRepository.ets:277:13
 Function may throw exceptions. Special handling is required.

401 WARN: ArkTS:WARN File: D:/DevEco_studio/ArkTavernSolo/entry/src/main/ets/repositories/MessageSwipeRepository.ets:279:11
 Function may throw exceptions. Special handling is required.

402 WARN: ArkTS:WARN File: D:/DevEco_studio/ArkTavernSolo/entry/src/main/ets/repositories/MessageSwipeRepository.ets:280:28
 Function may throw exceptions. Special handling is required.

403 WARN: ArkTS:WARN File: D:/DevEco_studio/ArkTavernSolo/entry/src/main/ets/repositories/MessageSwipeRepository.ets:281:25
 Function may throw exceptions. Special handling is required.

404 WARN: ArkTS:WARN File: D:/DevEco_studio/ArkTavernSolo/entry/src/main/ets/repositories/MessageSwipeRepository.ets:282:18
 Function may throw exceptions. Special handling is required.

405 WARN: ArkTS:WARN File: D:/DevEco_studio/ArkTavernSolo/entry/src/main/ets/repositories/MessageSwipeRepository.ets:287:7
 Function may throw exceptions. Special handling is required.

406 WARN: ArkTS:WARN File: D:/DevEco_studio/ArkTavernSolo/entry/src/main/ets/repositories/MessageSwipeRepository.ets:352:36
 Function may throw exceptions. Special handling is required.

407 WARN: ArkTS:WARN File: D:/DevEco_studio/ArkTavernSolo/entry/src/main/ets/repositories/MessageSwipeRepository.ets:372:49
 Function may throw exceptions. Special handling is required.

408 WARN: ArkTS:WARN File: D:/DevEco_studio/ArkTavernSolo/entry/src/main/ets/repositories/MessageSwipeRepository.ets:375:14
 Function may throw exceptions. Special handling is required.

409 WARN: ArkTS:WARN File: D:/DevEco_studio/ArkTavernSolo/entry/src/main/ets/repositories/MessageSwipeRepository.ets:380:7
 Function may throw exceptions. Special handling is required.

410 WARN: ArkTS:WARN File: D:/DevEco_studio/ArkTavernSolo/entry/src/main/ets/repositories/MessageSwipeRepository.ets:398:49
 Function may throw exceptions. Special handling is required.

411 WARN: ArkTS:WARN File: D:/DevEco_studio/ArkTavernSolo/entry/src/main/ets/repositories/MessageSwipeRepository.ets:405:14
 Function may throw exceptions. Special handling is required.

412 WARN: ArkTS:WARN File: D:/DevEco_studio/ArkTavernSolo/entry/src/main/ets/repositories/MessageSwipeRepository.ets:406:29
 Function may throw exceptions. Special handling is required.

413 WARN: ArkTS:WARN File: D:/DevEco_studio/ArkTavernSolo/entry/src/main/ets/repositories/MessageSwipeRepository.ets:407:11
 Function may throw exceptions. Special handling is required.

414 WARN: ArkTS:WARN File: D:/DevEco_studio/ArkTavernSolo/entry/src/main/ets/repositories/MessageSwipeRepository.ets:414:7
 Function may throw exceptions. Special handling is required.

415 WARN: ArkTS:WARN File: D:/DevEco_studio/ArkTavernSolo/entry/src/main/ets/repositories/MessageSwipeRepository.ets:486:54
 Function may throw exceptions. Special handling is required.

416 WARN: ArkTS:WARN File: D:/DevEco_studio/ArkTavernSolo/entry/src/main/ets/repositories/MessageSwipeRepository.ets:489:14
 Function may throw exceptions. Special handling is required.

417 WARN: ArkTS:WARN File: D:/DevEco_studio/ArkTavernSolo/entry/src/main/ets/repositories/MessageSwipeRepository.ets:490:29
 Function may throw exceptions. Special handling is required.

418 WARN: ArkTS:WARN File: D:/DevEco_studio/ArkTavernSolo/entry/src/main/ets/repositories/MessageSwipeRepository.ets:491:11
 Function may throw exceptions. Special handling is required.

419 WARN: ArkTS:WARN File: D:/DevEco_studio/ArkTavernSolo/entry/src/main/ets/repositories/MessageSwipeRepository.ets:496:7
 Function may throw exceptions. Special handling is required.

420 WARN: ArkTS:WARN File: D:/DevEco_studio/ArkTavernSolo/entry/src/main/ets/repositories/ChatParticipantRepository.ets:80:49
 Function may throw exceptions. Special handling is required.

421 WARN: ArkTS:WARN File: D:/DevEco_studio/ArkTavernSolo/entry/src/main/ets/repositories/ChatParticipantRepository.ets:83:14
 Function may throw exceptions. Special handling is required.

422 WARN: ArkTS:WARN File: D:/DevEco_studio/ArkTavernSolo/entry/src/main/ets/repositories/ChatParticipantRepository.ets:88:7
 Function may throw exceptions. Special handling is required.

423 WARN: ArkTS:WARN File: D:/DevEco_studio/ArkTavernSolo/entry/src/main/ets/repositories/ChatParticipantRepository.ets:105:49
 Function may throw exceptions. Special handling is required.

424 WARN: ArkTS:WARN File: D:/DevEco_studio/ArkTavernSolo/entry/src/main/ets/repositories/ChatParticipantRepository.ets:108:14
 Function may throw exceptions. Special handling is required.

425 WARN: ArkTS:WARN File: D:/DevEco_studio/ArkTavernSolo/entry/src/main/ets/repositories/ChatParticipantRepository.ets:113:7
 Function may throw exceptions. Special handling is required.

426 WARN: ArkTS:WARN File: D:/DevEco_studio/ArkTavernSolo/entry/src/main/ets/repositories/ChatParticipantRepository.ets:133:49
 Function may throw exceptions. Special handling is required.

427 WARN: ArkTS:WARN File: D:/DevEco_studio/ArkTavernSolo/entry/src/main/ets/repositories/ChatParticipantRepository.ets:136:14
 Function may throw exceptions. Special handling is required.

428 WARN: ArkTS:WARN File: D:/DevEco_studio/ArkTavernSolo/entry/src/main/ets/repositories/ChatParticipantRepository.ets:141:7
 Function may throw exceptions. Special handling is required.

429 WARN: ArkTS:WARN File: D:/DevEco_studio/ArkTavernSolo/entry/src/main/ets/repositories/ChatParticipantRepository.ets:242:49
 Function may throw exceptions. Special handling is required.

430 WARN: ArkTS:WARN File: D:/DevEco_studio/ArkTavernSolo/entry/src/main/ets/repositories/ChatParticipantRepository.ets:245:14
 Function may throw exceptions. Special handling is required.

431 WARN: ArkTS:WARN File: D:/DevEco_studio/ArkTavernSolo/entry/src/main/ets/repositories/ChatParticipantRepository.ets:250:7
 Function may throw exceptions. Special handling is required.

432 WARN: ArkTS:WARN File: D:/DevEco_studio/ArkTavernSolo/entry/src/main/ets/repositories/ChatParticipantRepository.ets:267:15
 Function may throw exceptions. Special handling is required.

433 WARN: ArkTS:WARN File: D:/DevEco_studio/ArkTavernSolo/entry/src/main/ets/repositories/ChatParticipantRepository.ets:267:28
 Function may throw exceptions. Special handling is required.

434 WARN: ArkTS:WARN File: D:/DevEco_studio/ArkTavernSolo/entry/src/main/ets/repositories/ChatParticipantRepository.ets:268:20
 Function may throw exceptions. Special handling is required.

435 WARN: ArkTS:WARN File: D:/DevEco_studio/ArkTavernSolo/entry/src/main/ets/repositories/ChatParticipantRepository.ets:268:33
 Function may throw exceptions. Special handling is required.

436 WARN: ArkTS:WARN File: D:/DevEco_studio/ArkTavernSolo/entry/src/main/ets/repositories/ChatParticipantRepository.ets:269:21
 Function may throw exceptions. Special handling is required.

437 WARN: ArkTS:WARN File: D:/DevEco_studio/ArkTavernSolo/entry/src/main/ets/repositories/ChatParticipantRepository.ets:269:32
 Function may throw exceptions. Special handling is required.

438 WARN: ArkTS:WARN File: D:/DevEco_studio/ArkTavernSolo/entry/src/main/ets/repositories/ChatParticipantRepository.ets:270:18
 Function may throw exceptions. Special handling is required.

439 WARN: ArkTS:WARN File: D:/DevEco_studio/ArkTavernSolo/entry/src/main/ets/repositories/ChatParticipantRepository.ets:270:29
 Function may throw exceptions. Special handling is required.

440 WARN: ArkTS:WARN File: D:/DevEco_studio/ArkTavernSolo/entry/src/main/ets/repositories/ChatParticipantRepository.ets:271:18
 Function may throw exceptions. Special handling is required.

441 WARN: ArkTS:WARN File: D:/DevEco_studio/ArkTavernSolo/entry/src/main/ets/repositories/ChatParticipantRepository.ets:271:29
 Function may throw exceptions. Special handling is required.

442 WARN: ArkTS:WARN File: D:/DevEco_studio/ArkTavernSolo/entry/src/main/ets/repositories/ChatParticipantRepository.ets:272:18
 Function may throw exceptions. Special handling is required.

443 WARN: ArkTS:WARN File: D:/DevEco_studio/ArkTavernSolo/entry/src/main/ets/repositories/ChatParticipantRepository.ets:272:29
 Function may throw exceptions. Special handling is required.

444 WARN: ArkTS:WARN File: D:/DevEco_studio/ArkTavernSolo/entry/src/main/ets/repositories/ConversationBranchRepositoryMapper.ets:49:22
 Function may throw exceptions. Special handling is required.

445 WARN: ArkTS:WARN File: D:/DevEco_studio/ArkTavernSolo/entry/src/main/ets/repositories/ConversationBranchRepositoryMapper.ets:49:35
 Function may throw exceptions. Special handling is required.

446 WARN: ArkTS:WARN File: D:/DevEco_studio/ArkTavernSolo/entry/src/main/ets/repositories/ConversationBranchRepositoryMapper.ets:53:26
 Function may throw exceptions. Special handling is required.

447 WARN: ArkTS:WARN File: D:/DevEco_studio/ArkTavernSolo/entry/src/main/ets/repositories/ConversationBranchRepositoryMapper.ets:53:39
 Function may throw exceptions. Special handling is required.

448 WARN: ArkTS:WARN File: D:/DevEco_studio/ArkTavernSolo/entry/src/main/ets/repositories/ConversationBranchRepositoryMapper.ets:58:29
 Function may throw exceptions. Special handling is required.

449 WARN: ArkTS:WARN File: D:/DevEco_studio/ArkTavernSolo/entry/src/main/ets/repositories/ConversationBranchRepositoryMapper.ets:60:25
 Function may throw exceptions. Special handling is required.

450 WARN: ArkTS:WARN File: D:/DevEco_studio/ArkTavernSolo/entry/src/main/ets/repositories/ConversationBranchRepositoryMapper.ets:61:9
 Function may throw exceptions. Special handling is required.

451 WARN: ArkTS:WARN File: D:/DevEco_studio/ArkTavernSolo/entry/src/main/ets/repositories/ConversationBranchRepositoryMapper.ets:63:27
 Function may throw exceptions. Special handling is required.

452 WARN: ArkTS:WARN File: D:/DevEco_studio/ArkTavernSolo/entry/src/main/ets/repositories/ConversationBranchRepositoryMapper.ets:65:23
 Function may throw exceptions. Special handling is required.

453 WARN: ArkTS:WARN File: D:/DevEco_studio/ArkTavernSolo/entry/src/main/ets/repositories/ConversationBranchRepositoryMapper.ets:66:9
 Function may throw exceptions. Special handling is required.

454 WARN: ArkTS:WARN File: D:/DevEco_studio/ArkTavernSolo/entry/src/main/ets/repositories/ConversationBranchRepositoryMapper.ets:67:24
 Function may throw exceptions. Special handling is required.

455 WARN: ArkTS:WARN File: D:/DevEco_studio/ArkTavernSolo/entry/src/main/ets/repositories/ConversationBranchRepositoryMapper.ets:67:37
 Function may throw exceptions. Special handling is required.

456 WARN: ArkTS:WARN File: D:/DevEco_studio/ArkTavernSolo/entry/src/main/ets/repositories/ConversationBranchRepositoryMapper.ets:68:29
 Function may throw exceptions. Special handling is required.

457 WARN: ArkTS:WARN File: D:/DevEco_studio/ArkTavernSolo/entry/src/main/ets/repositories/ConversationBranchRepositoryMapper.ets:68:40
 Function may throw exceptions. Special handling is required.

458 WARN: ArkTS:WARN File: D:/DevEco_studio/ArkTavernSolo/entry/src/main/ets/repositories/ConversationBranchRepositoryMapper.ets:70:29
 Function may throw exceptions. Special handling is required.

459 WARN: ArkTS:WARN File: D:/DevEco_studio/ArkTavernSolo/entry/src/main/ets/repositories/ConversationBranchRepositoryMapper.ets:70:40
 Function may throw exceptions. Special handling is required.

460 WARN: ArkTS:WARN File: D:/DevEco_studio/ArkTavernSolo/entry/src/main/ets/repositories/ConversationBranchRepositoryMapper.ets:74:29
 Function may throw exceptions. Special handling is required.

461 WARN: ArkTS:WARN File: D:/DevEco_studio/ArkTavernSolo/entry/src/main/ets/repositories/ConversationBranchRepositoryMapper.ets:74:40
 Function may throw exceptions. Special handling is required.

462 WARN: ArkTS:WARN File: D:/DevEco_studio/ArkTavernSolo/entry/src/main/ets/repositories/ConversationBranchRepositoryMapper.ets:78:33
 Function may throw exceptions. Special handling is required.

463 WARN: ArkTS:WARN File: D:/DevEco_studio/ArkTavernSolo/entry/src/main/ets/repositories/ConversationBranchRepositoryMapper.ets:78:44
 Function may throw exceptions. Special handling is required.

464 WARN: ArkTS:WARN File: D:/DevEco_studio/ArkTavernSolo/entry/src/main/ets/repositories/ConversationBranchRepositoryMapper.ets:133:28
 Function may throw exceptions. Special handling is required.

465 WARN: ArkTS:WARN File: D:/DevEco_studio/ArkTavernSolo/entry/src/main/ets/repositories/ConversationBranchRepositoryMapper.ets:133:41
 Function may throw exceptions. Special handling is required.

466 WARN: ArkTS:WARN File: D:/DevEco_studio/ArkTavernSolo/entry/src/main/ets/repositories/ConversationBranchRepositoryMapper.ets:137:29
 Function may throw exceptions. Special handling is required.

467 WARN: ArkTS:WARN File: D:/DevEco_studio/ArkTavernSolo/entry/src/main/ets/repositories/ConversationBranchRepositoryMapper.ets:137:42
 Function may throw exceptions. Special handling is required.

468 WARN: ArkTS:WARN File: D:/DevEco_studio/ArkTavernSolo/entry/src/main/ets/repositories/ConversationBranchRepositoryMapper.ets:141:28
 Function may throw exceptions. Special handling is required.

469 WARN: ArkTS:WARN File: D:/DevEco_studio/ArkTavernSolo/entry/src/main/ets/repositories/ConversationBranchRepositoryMapper.ets:141:39
 Function may throw exceptions. Special handling is required.

470 WARN: ArkTS:WARN File: D:/DevEco_studio/ArkTavernSolo/entry/src/main/ets/repositories/ConversationBranchRepositoryMapper.ets:145:29
 Function may throw exceptions. Special handling is required.

471 WARN: ArkTS:WARN File: D:/DevEco_studio/ArkTavernSolo/entry/src/main/ets/repositories/ConversationBranchRepositoryMapper.ets:145:40
 Function may throw exceptions. Special handling is required.

472 WARN: ArkTS:WARN File: D:/DevEco_studio/ArkTavernSolo/entry/src/main/ets/repositories/ConversationBranchRepositoryMapper.ets:185:28
 Function may throw exceptions. Special handling is required.

473 WARN: ArkTS:WARN File: D:/DevEco_studio/ArkTavernSolo/entry/src/main/ets/repositories/ConversationBranchRepositoryMapper.ets:185:41
 Function may throw exceptions. Special handling is required.

474 WARN: ArkTS:WARN File: D:/DevEco_studio/ArkTavernSolo/entry/src/main/ets/repositories/ConversationBranchRepositoryMapper.ets:190:5
 Function may throw exceptions. Special handling is required.

475 WARN: ArkTS:WARN File: D:/DevEco_studio/ArkTavernSolo/entry/src/main/ets/repositories/ConversationBranchRepositoryMapper.ets:190:18
 Function may throw exceptions. Special handling is required.

476 WARN: ArkTS:WARN File: D:/DevEco_studio/ArkTavernSolo/entry/src/main/ets/repositories/ConversationBranchRepositoryMapper.ets:194:34
 Function may throw exceptions. Special handling is required.

477 WARN: ArkTS:WARN File: D:/DevEco_studio/ArkTavernSolo/entry/src/main/ets/repositories/ConversationBranchRepositoryMapper.ets:194:45
 Function may throw exceptions. Special handling is required.

478 WARN: ArkTS:WARN File: D:/DevEco_studio/ArkTavernSolo/entry/src/main/ets/repositories/ConversationBranchRepositoryMapper.ets:198:29
 Function may throw exceptions. Special handling is required.

479 WARN: ArkTS:WARN File: D:/DevEco_studio/ArkTavernSolo/entry/src/main/ets/repositories/ConversationBranchRepositoryMapper.ets:198:40
 Function may throw exceptions. Special handling is required.

480 WARN: ArkTS:WARN File: D:/DevEco_studio/ArkTavernSolo/entry/src/main/ets/repositories/ConversationBranchRepository.ets:88:49
 Function may throw exceptions. Special handling is required.

481 WARN: ArkTS:WARN File: D:/DevEco_studio/ArkTavernSolo/entry/src/main/ets/repositories/ConversationBranchRepository.ets:90:12
 Function may throw exceptions. Special handling is required.

482 WARN: ArkTS:WARN File: D:/DevEco_studio/ArkTavernSolo/entry/src/main/ets/repositories/ConversationBranchRepository.ets:95:7
 Function may throw exceptions. Special handling is required.

483 WARN: ArkTS:WARN File: D:/DevEco_studio/ArkTavernSolo/entry/src/main/ets/repositories/ConversationBranchRepository.ets:115:49
 Function may throw exceptions. Special handling is required.

484 WARN: ArkTS:WARN File: D:/DevEco_studio/ArkTavernSolo/entry/src/main/ets/repositories/ConversationBranchRepository.ets:117:12
 Function may throw exceptions. Special handling is required.

485 WARN: ArkTS:WARN File: D:/DevEco_studio/ArkTavernSolo/entry/src/main/ets/repositories/ConversationBranchRepository.ets:122:7
 Function may throw exceptions. Special handling is required.

486 WARN: ArkTS:WARN File: D:/DevEco_studio/ArkTavernSolo/entry/src/main/ets/repositories/ConversationBranchRepository.ets:141:54
 Function may throw exceptions. Special handling is required.

487 WARN: ArkTS:WARN File: D:/DevEco_studio/ArkTavernSolo/entry/src/main/ets/repositories/ConversationBranchRepository.ets:144:11
 Function may throw exceptions. Special handling is required.

488 WARN: ArkTS:WARN File: D:/DevEco_studio/ArkTavernSolo/entry/src/main/ets/repositories/ConversationBranchRepository.ets:145:29
 Function may throw exceptions. Special handling is required.

489 WARN: ArkTS:WARN File: D:/DevEco_studio/ArkTavernSolo/entry/src/main/ets/repositories/ConversationBranchRepository.ets:147:28
 Function may throw exceptions. Special handling is required.

490 WARN: ArkTS:WARN File: D:/DevEco_studio/ArkTavernSolo/entry/src/main/ets/repositories/ConversationBranchRepository.ets:151:7
 Function may throw exceptions. Special handling is required.

491 WARN: ArkTS:WARN File: D:/DevEco_studio/ArkTavernSolo/entry/src/main/ets/repositories/ConversationBranchRepository.ets:176:49
 Function may throw exceptions. Special handling is required.

492 WARN: ArkTS:WARN File: D:/DevEco_studio/ArkTavernSolo/entry/src/main/ets/repositories/ConversationBranchRepository.ets:179:14
 Function may throw exceptions. Special handling is required.

493 WARN: ArkTS:WARN File: D:/DevEco_studio/ArkTavernSolo/entry/src/main/ets/repositories/ConversationBranchRepository.ets:183:7
 Function may throw exceptions. Special handling is required.

494 WARN: ArkTS:WARN File: D:/DevEco_studio/ArkTavernSolo/entry/src/main/ets/repositories/ConversationBranchRepository.ets:227:49
 Function may throw exceptions. Special handling is required.

495 WARN: ArkTS:WARN File: D:/DevEco_studio/ArkTavernSolo/entry/src/main/ets/repositories/ConversationBranchRepository.ets:230:14
 Function may throw exceptions. Special handling is required.

496 WARN: ArkTS:WARN File: D:/DevEco_studio/ArkTavernSolo/entry/src/main/ets/repositories/ConversationBranchRepository.ets:234:7
 Function may throw exceptions. Special handling is required.

497 WARN: ArkTS:WARN File: D:/DevEco_studio/ArkTavernSolo/entry/src/main/ets/repositories/ConversationBranchRepository.ets:271:49
 Function may throw exceptions. Special handling is required.

498 WARN: ArkTS:WARN File: D:/DevEco_studio/ArkTavernSolo/entry/src/main/ets/repositories/ConversationBranchRepository.ets:275:7
 Function may throw exceptions. Special handling is required.

499 WARN: ArkTS:WARN File: D:/DevEco_studio/ArkTavernSolo/entry/src/main/ets/repositories/ConversationBranchRepository.ets:305:49
 Function may throw exceptions. Special handling is required.

500 WARN: ArkTS:WARN File: D:/DevEco_studio/ArkTavernSolo/entry/src/main/ets/repositories/ConversationBranchRepository.ets:307:12
 Function may throw exceptions. Special handling is required.

501 WARN: ArkTS:WARN File: D:/DevEco_studio/ArkTavernSolo/entry/src/main/ets/repositories/ConversationBranchRepository.ets:310:27
 Function may throw exceptions. Special handling is required.

502 WARN: ArkTS:WARN File: D:/DevEco_studio/ArkTavernSolo/entry/src/main/ets/repositories/ConversationBranchRepository.ets:314:14
 Function may throw exceptions. Special handling is required.

503 WARN: ArkTS:WARN File: D:/DevEco_studio/ArkTavernSolo/entry/src/main/ets/repositories/ConversationBranchRepository.ets:316:7
 Function may throw exceptions. Special handling is required.

504 WARN: ArkTS:WARN File: D:/DevEco_studio/ArkTavernSolo/entry/src/main/ets/repositories/ConversationBranchRepository.ets:332:49
 Function may throw exceptions. Special handling is required.

505 WARN: ArkTS:WARN File: D:/DevEco_studio/ArkTavernSolo/entry/src/main/ets/repositories/ConversationBranchRepository.ets:334:12
 Function may throw exceptions. Special handling is required.

506 WARN: ArkTS:WARN File: D:/DevEco_studio/ArkTavernSolo/entry/src/main/ets/repositories/ConversationBranchRepository.ets:337:27
 Function may throw exceptions. Special handling is required.

507 WARN: ArkTS:WARN File: D:/DevEco_studio/ArkTavernSolo/entry/src/main/ets/repositories/ConversationBranchRepository.ets:341:14
 Function may throw exceptions. Special handling is required.

508 WARN: ArkTS:WARN File: D:/DevEco_studio/ArkTavernSolo/entry/src/main/ets/repositories/ConversationBranchRepository.ets:343:7
 Function may throw exceptions. Special handling is required.

509 WARN: ArkTS:WARN File: D:/DevEco_studio/ArkTavernSolo/entry/src/main/ets/repositories/ConversationBranchRepository.ets:372:49
 Function may throw exceptions. Special handling is required.

510 WARN: ArkTS:WARN File: D:/DevEco_studio/ArkTavernSolo/entry/src/main/ets/repositories/ConversationBranchRepository.ets:374:12
 Function may throw exceptions. Special handling is required.

511 WARN: ArkTS:WARN File: D:/DevEco_studio/ArkTavernSolo/entry/src/main/ets/repositories/ConversationBranchRepository.ets:379:7
 Function may throw exceptions. Special handling is required.

512 WARN: ArkTS:WARN File: D:/DevEco_studio/ArkTavernSolo/entry/src/main/ets/repositories/ConversationBranchRepository.ets:398:49
 Function may throw exceptions. Special handling is required.

513 WARN: ArkTS:WARN File: D:/DevEco_studio/ArkTavernSolo/entry/src/main/ets/repositories/ConversationBranchRepository.ets:401:14
 Function may throw exceptions. Special handling is required.

514 WARN: ArkTS:WARN File: D:/DevEco_studio/ArkTavernSolo/entry/src/main/ets/repositories/ConversationBranchRepository.ets:405:7
 Function may throw exceptions. Special handling is required.

515 WARN: ArkTS:WARN File: D:/DevEco_studio/ArkTavernSolo/entry/src/main/ets/repositories/ConversationBranchRepository.ets:435:55
 Function may throw exceptions. Special handling is required.

516 WARN: ArkTS:WARN File: D:/DevEco_studio/ArkTavernSolo/entry/src/main/ets/repositories/ConversationBranchRepository.ets:437:5
 Function may throw exceptions. Special handling is required.

517 WARN: ArkTS:WARN File: D:/DevEco_studio/ArkTavernSolo/entry/src/main/ets/repositories/ConversationBranchRepository.ets:440:58
 Function may throw exceptions. Special handling is required.

518 WARN: ArkTS:WARN File: D:/DevEco_studio/ArkTavernSolo/entry/src/main/ets/repositories/ConversationBranchRepository.ets:446:11
 Function may throw exceptions. Special handling is required.

519 WARN: ArkTS:WARN File: D:/DevEco_studio/ArkTavernSolo/entry/src/main/ets/repositories/ConversationBranchRepository.ets:447:29
 Function may throw exceptions. Special handling is required.

520 WARN: ArkTS:WARN File: D:/DevEco_studio/ArkTavernSolo/entry/src/main/ets/repositories/ConversationBranchRepository.ets:449:37
 Function may throw exceptions. Special handling is required.

521 WARN: ArkTS:WARN File: D:/DevEco_studio/ArkTavernSolo/entry/src/main/ets/repositories/ConversationBranchRepository.ets:453:7
 Function may throw exceptions. Special handling is required.

522 WARN: ArkTS:WARN File: D:/DevEco_studio/ArkTavernSolo/entry/src/main/ets/repositories/ConversationBranchRepository.ets:456:53
 Function may throw exceptions. Special handling is required.

523 WARN: ArkTS:WARN File: D:/DevEco_studio/ArkTavernSolo/entry/src/main/ets/repositories/ConversationBranchRepository.ets:462:11
 Function may throw exceptions. Special handling is required.

524 WARN: ArkTS:WARN File: D:/DevEco_studio/ArkTavernSolo/entry/src/main/ets/repositories/ConversationBranchRepository.ets:463:29
 Function may throw exceptions. Special handling is required.

525 WARN: ArkTS:WARN File: D:/DevEco_studio/ArkTavernSolo/entry/src/main/ets/repositories/ConversationBranchRepository.ets:465:38
 Function may throw exceptions. Special handling is required.

526 WARN: ArkTS:WARN File: D:/DevEco_studio/ArkTavernSolo/entry/src/main/ets/repositories/ConversationBranchRepository.ets:469:7
 Function may throw exceptions. Special handling is required.

527 WARN: ArkTS:WARN File: D:/DevEco_studio/ArkTavernSolo/entry/src/main/ets/repositories/ConversationBranchRepository.ets:631:49
 Function may throw exceptions. Special handling is required.

528 WARN: ArkTS:WARN File: D:/DevEco_studio/ArkTavernSolo/entry/src/main/ets/repositories/ConversationBranchRepository.ets:634:14
 Function may throw exceptions. Special handling is required.

529 WARN: ArkTS:WARN File: D:/DevEco_studio/ArkTavernSolo/entry/src/main/ets/repositories/ConversationBranchRepository.ets:638:7
 Function may throw exceptions. Special handling is required.

530 WARN: ArkTS:WARN File: D:/DevEco_studio/ArkTavernSolo/entry/src/main/ets/repositories/ConversationBranchRepository.ets:781:49
 Function may throw exceptions. Special handling is required.

531 WARN: ArkTS:WARN File: D:/DevEco_studio/ArkTavernSolo/entry/src/main/ets/repositories/ConversationBranchRepository.ets:784:14
 Function may throw exceptions. Special handling is required.

532 WARN: ArkTS:WARN File: D:/DevEco_studio/ArkTavernSolo/entry/src/main/ets/repositories/ConversationBranchRepository.ets:785:29
 Function may throw exceptions. Special handling is required.

533 WARN: ArkTS:WARN File: D:/DevEco_studio/ArkTavernSolo/entry/src/main/ets/repositories/ConversationBranchRepository.ets:787:26
 Function may throw exceptions. Special handling is required.

534 WARN: ArkTS:WARN File: D:/DevEco_studio/ArkTavernSolo/entry/src/main/ets/repositories/ConversationBranchRepository.ets:791:7
 Function may throw exceptions. Special handling is required.

535 WARN: ArkTS:WARN File: D:/DevEco_studio/ArkTavernSolo/entry/src/main/ets/repositories/ConversationBranchRepository.ets:798:13
 Function may throw exceptions. Special handling is required.

536 WARN: ArkTS:WARN File: D:/DevEco_studio/ArkTavernSolo/entry/src/main/ets/repositories/ConversationBranchRepository.ets:805:13
 Function may throw exceptions. Special handling is required.

537 WARN: ArkTS:WARN File: D:/DevEco_studio/ArkTavernSolo/entry/src/main/ets/repositories/ConversationBranchRepository.ets:811:11
 Function may throw exceptions. Special handling is required.

538 WARN: ArkTS:WARN File: D:/DevEco_studio/ArkTavernSolo/entry/src/main/ets/repositories/ConversationBranchRepository.ets:816:11
 Function may throw exceptions. Special handling is required.

539 WARN: ArkTS:WARN File: D:/DevEco_studio/ArkTavernSolo/entry/src/main/ets/repositories/ConversationBranchRepository.ets:964:49
 Function may throw exceptions. Special handling is required.

540 WARN: ArkTS:WARN File: D:/DevEco_studio/ArkTavernSolo/entry/src/main/ets/repositories/ConversationBranchRepository.ets:967:14
 Function may throw exceptions. Special handling is required.

541 WARN: ArkTS:WARN File: D:/DevEco_studio/ArkTavernSolo/entry/src/main/ets/repositories/ConversationBranchRepository.ets:968:29
 Function may throw exceptions. Special handling is required.

542 WARN: ArkTS:WARN File: D:/DevEco_studio/ArkTavernSolo/entry/src/main/ets/repositories/ConversationBranchRepository.ets:970:20
 Function may throw exceptions. Special handling is required.

543 WARN: ArkTS:WARN File: D:/DevEco_studio/ArkTavernSolo/entry/src/main/ets/repositories/ConversationBranchRepository.ets:974:7
 Function may throw exceptions. Special handling is required.

544 WARN: ArkTS:WARN File: D:/DevEco_studio/ArkTavernSolo/entry/src/main/ets/repositories/ConversationBranchRepository.ets:990:49
 Function may throw exceptions. Special handling is required.

545 WARN: ArkTS:WARN File: D:/DevEco_studio/ArkTavernSolo/entry/src/main/ets/repositories/ConversationBranchRepository.ets:994:7
 Function may throw exceptions. Special handling is required.

546 WARN: ArkTS:WARN File: D:/DevEco_studio/ArkTavernSolo/entry/src/main/ets/repositories/ConversationBranchRepository.ets:1009:49
 Function may throw exceptions. Special handling is required.

547 WARN: ArkTS:WARN File: D:/DevEco_studio/ArkTavernSolo/entry/src/main/ets/repositories/ConversationBranchRepository.ets:1011:12
 Function may throw exceptions. Special handling is required.

548 WARN: ArkTS:WARN File: D:/DevEco_studio/ArkTavernSolo/entry/src/main/ets/repositories/ConversationBranchRepository.ets:1014:27
 Function may throw exceptions. Special handling is required.

549 WARN: ArkTS:WARN File: D:/DevEco_studio/ArkTavernSolo/entry/src/main/ets/repositories/ConversationBranchRepository.ets:1018:14
 Function may throw exceptions. Special handling is required.

550 WARN: ArkTS:WARN File: D:/DevEco_studio/ArkTavernSolo/entry/src/main/ets/repositories/ConversationBranchRepository.ets:1020:7
 Function may throw exceptions. Special handling is required.

551 WARN: ArkTS:WARN File: D:/DevEco_studio/ArkTavernSolo/entry/src/main/ets/repositories/ChatMemoryRepositoryMapper.ets:59:22
 Function may throw exceptions. Special handling is required.

552 WARN: ArkTS:WARN File: D:/DevEco_studio/ArkTavernSolo/entry/src/main/ets/repositories/ChatMemoryRepositoryMapper.ets:59:35
 Function may throw exceptions. Special handling is required.

553 WARN: ArkTS:WARN File: D:/DevEco_studio/ArkTavernSolo/entry/src/main/ets/repositories/ChatMemoryRepositoryMapper.ets:63:26
 Function may throw exceptions. Special handling is required.

554 WARN: ArkTS:WARN File: D:/DevEco_studio/ArkTavernSolo/entry/src/main/ets/repositories/ChatMemoryRepositoryMapper.ets:63:39
 Function may throw exceptions. Special handling is required.

555 WARN: ArkTS:WARN File: D:/DevEco_studio/ArkTavernSolo/entry/src/main/ets/repositories/ChatMemoryRepositoryMapper.ets:67:28
 Function may throw exceptions. Special handling is required.

556 WARN: ArkTS:WARN File: D:/DevEco_studio/ArkTavernSolo/entry/src/main/ets/repositories/ChatMemoryRepositoryMapper.ets:67:41
 Function may throw exceptions. Special handling is required.

557 WARN: ArkTS:WARN File: D:/DevEco_studio/ArkTavernSolo/entry/src/main/ets/repositories/ChatMemoryRepositoryMapper.ets:71:34
 Function may throw exceptions. Special handling is required.

558 WARN: ArkTS:WARN File: D:/DevEco_studio/ArkTavernSolo/entry/src/main/ets/repositories/ChatMemoryRepositoryMapper.ets:71:47
 Function may throw exceptions. Special handling is required.

559 WARN: ArkTS:WARN File: D:/DevEco_studio/ArkTavernSolo/entry/src/main/ets/repositories/ChatMemoryRepositoryMapper.ets:75:32
 Function may throw exceptions. Special handling is required.

560 WARN: ArkTS:WARN File: D:/DevEco_studio/ArkTavernSolo/entry/src/main/ets/repositories/ChatMemoryRepositoryMapper.ets:75:45
 Function may throw exceptions. Special handling is required.

561 WARN: ArkTS:WARN File: D:/DevEco_studio/ArkTavernSolo/entry/src/main/ets/repositories/ChatMemoryRepositoryMapper.ets:79:33
 Function may throw exceptions. Special handling is required.

562 WARN: ArkTS:WARN File: D:/DevEco_studio/ArkTavernSolo/entry/src/main/ets/repositories/ChatMemoryRepositoryMapper.ets:79:44
 Function may throw exceptions. Special handling is required.

563 WARN: ArkTS:WARN File: D:/DevEco_studio/ArkTavernSolo/entry/src/main/ets/repositories/ChatMemoryRepositoryMapper.ets:83:31
 Function may throw exceptions. Special handling is required.

564 WARN: ArkTS:WARN File: D:/DevEco_studio/ArkTavernSolo/entry/src/main/ets/repositories/ChatMemoryRepositoryMapper.ets:83:42
 Function may throw exceptions. Special handling is required.

565 WARN: ArkTS:WARN File: D:/DevEco_studio/ArkTavernSolo/entry/src/main/ets/repositories/ChatMemoryRepositoryMapper.ets:87:27
 Function may throw exceptions. Special handling is required.

566 WARN: ArkTS:WARN File: D:/DevEco_studio/ArkTavernSolo/entry/src/main/ets/repositories/ChatMemoryRepositoryMapper.ets:87:40
 Function may throw exceptions. Special handling is required.

567 WARN: ArkTS:WARN File: D:/DevEco_studio/ArkTavernSolo/entry/src/main/ets/repositories/ChatMemoryRepositoryMapper.ets:88:29
 Function may throw exceptions. Special handling is required.

568 WARN: ArkTS:WARN File: D:/DevEco_studio/ArkTavernSolo/entry/src/main/ets/repositories/ChatMemoryRepositoryMapper.ets:88:40
 Function may throw exceptions. Special handling is required.

569 WARN: ArkTS:WARN File: D:/DevEco_studio/ArkTavernSolo/entry/src/main/ets/repositories/ChatMemoryRepositoryMapper.ets:92:29
 Function may throw exceptions. Special handling is required.

570 WARN: ArkTS:WARN File: D:/DevEco_studio/ArkTavernSolo/entry/src/main/ets/repositories/ChatMemoryRepositoryMapper.ets:92:40
 Function may throw exceptions. Special handling is required.

571 WARN: ArkTS:WARN File: D:/DevEco_studio/ArkTavernSolo/entry/src/main/ets/repositories/ChatMemoryRepositoryMapper.ets:96:30
 Function may throw exceptions. Special handling is required.

572 WARN: ArkTS:WARN File: D:/DevEco_studio/ArkTavernSolo/entry/src/main/ets/repositories/ChatMemoryRepositoryMapper.ets:96:41
 Function may throw exceptions. Special handling is required.

573 WARN: ArkTS:WARN File: D:/DevEco_studio/ArkTavernSolo/entry/src/main/ets/repositories/ChatMemoryRepositoryMapper.ets:98:34
 Function may throw exceptions. Special handling is required.

574 WARN: ArkTS:WARN File: D:/DevEco_studio/ArkTavernSolo/entry/src/main/ets/repositories/ChatMemoryRepositoryMapper.ets:98:45
 Function may throw exceptions. Special handling is required.

575 WARN: ArkTS:WARN File: D:/DevEco_studio/ArkTavernSolo/entry/src/main/ets/repositories/ChatMemoryRepositoryMapper.ets:103:32
 Function may throw exceptions. Special handling is required.

576 WARN: ArkTS:WARN File: D:/DevEco_studio/ArkTavernSolo/entry/src/main/ets/repositories/ChatMemoryRepositoryMapper.ets:105:28
 Function may throw exceptions. Special handling is required.

577 WARN: ArkTS:WARN File: D:/DevEco_studio/ArkTavernSolo/entry/src/main/ets/repositories/ChatMemoryRepositoryMapper.ets:106:9
 Function may throw exceptions. Special handling is required.

578 WARN: ArkTS:WARN File: D:/DevEco_studio/ArkTavernSolo/entry/src/main/ets/repositories/ChatMemoryRepositoryMapper.ets:109:33
 Function may throw exceptions. Special handling is required.

579 WARN: ArkTS:WARN File: D:/DevEco_studio/ArkTavernSolo/entry/src/main/ets/repositories/ChatMemoryRepositoryMapper.ets:111:23
 Function may throw exceptions. Special handling is required.

580 WARN: ArkTS:WARN File: D:/DevEco_studio/ArkTavernSolo/entry/src/main/ets/repositories/ChatMemoryRepositoryMapper.ets:114:28
 Function may throw exceptions. Special handling is required.

581 WARN: ArkTS:WARN File: D:/DevEco_studio/ArkTavernSolo/entry/src/main/ets/repositories/ChatMemoryRepositoryMapper.ets:115:41
 Function may throw exceptions. Special handling is required.

582 WARN: ArkTS:WARN File: D:/DevEco_studio/ArkTavernSolo/entry/src/main/ets/repositories/ChatMemoryRepositoryMapper.ets:117:29
 Function may throw exceptions. Special handling is required.

583 WARN: ArkTS:WARN File: D:/DevEco_studio/ArkTavernSolo/entry/src/main/ets/repositories/ChatMemoryRepositoryMapper.ets:118:43
 Function may throw exceptions. Special handling is required.

584 WARN: ArkTS:WARN File: D:/DevEco_studio/ArkTavernSolo/entry/src/main/ets/repositories/ChatMemoryRepositoryMapper.ets:120:33
 Function may throw exceptions. Special handling is required.

585 WARN: ArkTS:WARN File: D:/DevEco_studio/ArkTavernSolo/entry/src/main/ets/repositories/ChatMemoryRepositoryMapper.ets:121:51
 Function may throw exceptions. Special handling is required.

586 WARN: ArkTS:WARN File: D:/DevEco_studio/ArkTavernSolo/entry/src/main/ets/repositories/ChatMemoryRepositoryMapper.ets:123:31
 Function may throw exceptions. Special handling is required.

587 WARN: ArkTS:WARN File: D:/DevEco_studio/ArkTavernSolo/entry/src/main/ets/repositories/ChatMemoryRepositoryMapper.ets:124:51
 Function may throw exceptions. Special handling is required.

588 WARN: ArkTS:WARN File: D:/DevEco_studio/ArkTavernSolo/entry/src/main/ets/repositories/ChatMemoryRepositoryMapper.ets:126:33
 Function may throw exceptions. Special handling is required.

589 WARN: ArkTS:WARN File: D:/DevEco_studio/ArkTavernSolo/entry/src/main/ets/repositories/ChatMemoryRepositoryMapper.ets:127:51
 Function may throw exceptions. Special handling is required.

590 WARN: ArkTS:WARN File: D:/DevEco_studio/ArkTavernSolo/entry/src/main/ets/repositories/ChatMemoryRepositoryMapper.ets:129:34
 Function may throw exceptions. Special handling is required.

591 WARN: ArkTS:WARN File: D:/DevEco_studio/ArkTavernSolo/entry/src/main/ets/repositories/ChatMemoryRepositoryMapper.ets:130:56
 Function may throw exceptions. Special handling is required.

592 WARN: ArkTS:WARN File: D:/DevEco_studio/ArkTavernSolo/entry/src/main/ets/repositories/ChatMemoryRepository.ets:76:49
 Function may throw exceptions. Special handling is required.

593 WARN: ArkTS:WARN File: D:/DevEco_studio/ArkTavernSolo/entry/src/main/ets/repositories/ChatMemoryRepository.ets:78:12
 Function may throw exceptions. Special handling is required.

594 WARN: ArkTS:WARN File: D:/DevEco_studio/ArkTavernSolo/entry/src/main/ets/repositories/ChatMemoryRepository.ets:83:7
 Function may throw exceptions. Special handling is required.

595 WARN: ArkTS:WARN File: D:/DevEco_studio/ArkTavernSolo/entry/src/main/ets/repositories/ChatMemoryRepository.ets:106:49
 Function may throw exceptions. Special handling is required.

596 WARN: ArkTS:WARN File: D:/DevEco_studio/ArkTavernSolo/entry/src/main/ets/repositories/ChatMemoryRepository.ets:109:14
 Function may throw exceptions. Special handling is required.

597 WARN: ArkTS:WARN File: D:/DevEco_studio/ArkTavernSolo/entry/src/main/ets/repositories/ChatMemoryRepository.ets:113:7
 Function may throw exceptions. Special handling is required.

598 WARN: ArkTS:WARN File: D:/DevEco_studio/ArkTavernSolo/entry/src/main/ets/repositories/ChatMemoryRepository.ets:139:49
 Function may throw exceptions. Special handling is required.

599 WARN: ArkTS:WARN File: D:/DevEco_studio/ArkTavernSolo/entry/src/main/ets/repositories/ChatMemoryRepository.ets:142:14
 Function may throw exceptions. Special handling is required.

600 WARN: ArkTS:WARN File: D:/DevEco_studio/ArkTavernSolo/entry/src/main/ets/repositories/ChatMemoryRepository.ets:146:7
 Function may throw exceptions. Special handling is required.

601 WARN: ArkTS:WARN File: D:/DevEco_studio/ArkTavernSolo/entry/src/main/ets/repositories/ChatMemoryRepository.ets:179:49
 Function may throw exceptions. Special handling is required.

602 WARN: ArkTS:WARN File: D:/DevEco_studio/ArkTavernSolo/entry/src/main/ets/repositories/ChatMemoryRepository.ets:182:14
 Function may throw exceptions. Special handling is required.

603 WARN: ArkTS:WARN File: D:/DevEco_studio/ArkTavernSolo/entry/src/main/ets/repositories/ChatMemoryRepository.ets:186:7
 Function may throw exceptions. Special handling is required.

604 WARN: ArkTS:WARN File: D:/DevEco_studio/ArkTavernSolo/entry/src/main/ets/repositories/ChatMemoryRepository.ets:214:49
 Function may throw exceptions. Special handling is required.

605 WARN: ArkTS:WARN File: D:/DevEco_studio/ArkTavernSolo/entry/src/main/ets/repositories/ChatMemoryRepository.ets:217:14
 Function may throw exceptions. Special handling is required.

606 WARN: ArkTS:WARN File: D:/DevEco_studio/ArkTavernSolo/entry/src/main/ets/repositories/ChatMemoryRepository.ets:221:7
 Function may throw exceptions. Special handling is required.

607 WARN: ArkTS:WARN File: D:/DevEco_studio/ArkTavernSolo/entry/src/main/ets/repositories/ChatMemoryRepository.ets:244:49
 Function may throw exceptions. Special handling is required.

608 WARN: ArkTS:WARN File: D:/DevEco_studio/ArkTavernSolo/entry/src/main/ets/repositories/ChatMemoryRepository.ets:246:12
 Function may throw exceptions. Special handling is required.

609 WARN: ArkTS:WARN File: D:/DevEco_studio/ArkTavernSolo/entry/src/main/ets/repositories/ChatMemoryRepository.ets:251:7
 Function may throw exceptions. Special handling is required.

610 WARN: ArkTS:WARN File: D:/DevEco_studio/ArkTavernSolo/entry/src/main/ets/repositories/ChatMemoryRepository.ets:270:11
 Function may throw exceptions. Special handling is required.

611 WARN: ArkTS:WARN File: D:/DevEco_studio/ArkTavernSolo/entry/src/main/ets/repositories/ChatMemoryRepository.ets:290:11
 Function may throw exceptions. Special handling is required.

612 WARN: ArkTS:WARN File: D:/DevEco_studio/ArkTavernSolo/entry/src/main/ets/repositories/ChatMemoryRepository.ets:313:11
 Function may throw exceptions. Special handling is required.

613 WARN: ArkTS:WARN File: D:/DevEco_studio/ArkTavernSolo/entry/src/main/ets/repositories/ChatMemoryRepository.ets:335:11
 Function may throw exceptions. Special handling is required.

614 WARN: ArkTS:WARN File: D:/DevEco_studio/ArkTavernSolo/entry/src/main/ets/repositories/ChatMemoryRepository.ets:355:11
 Function may throw exceptions. Special handling is required.

615 WARN: ArkTS:WARN File: D:/DevEco_studio/ArkTavernSolo/entry/src/main/ets/repositories/ChatMemoryRepository.ets:373:11
 Function may throw exceptions. Special handling is required.

616 WARN: ArkTS:WARN File: D:/DevEco_studio/ArkTavernSolo/entry/src/main/ets/repositories/ChatMemoryRepository.ets:394:11
 Function may throw exceptions. Special handling is required.

617 WARN: ArkTS:WARN File: D:/DevEco_studio/ArkTavernSolo/entry/src/main/ets/repositories/ChatMemoryRepository.ets:415:11
 Function may throw exceptions. Special handling is required.

618 WARN: ArkTS:WARN File: D:/DevEco_studio/ArkTavernSolo/entry/src/main/ets/repositories/ChatMemoryRepository.ets:442:11
 Function may throw exceptions. Special handling is required.

619 WARN: ArkTS:WARN File: D:/DevEco_studio/ArkTavernSolo/entry/src/main/ets/repositories/ChatMemoryRepository.ets:473:11
 Function may throw exceptions. Special handling is required.

620 WARN: ArkTS:WARN File: D:/DevEco_studio/ArkTavernSolo/entry/src/main/ets/repositories/ChatMemoryRepository.ets:514:49
 Function may throw exceptions. Special handling is required.

621 WARN: ArkTS:WARN File: D:/DevEco_studio/ArkTavernSolo/entry/src/main/ets/repositories/ChatMemoryRepository.ets:517:14
 Function may throw exceptions. Special handling is required.

622 WARN: ArkTS:WARN File: D:/DevEco_studio/ArkTavernSolo/entry/src/main/ets/repositories/ChatMemoryRepository.ets:521:7
 Function may throw exceptions. Special handling is required.

623 WARN: ArkTS:WARN File: D:/DevEco_studio/ArkTavernSolo/entry/src/main/ets/repositories/PromptPresetRepositoryMapper.ets:45:24
 Function may throw exceptions. Special handling is required.

624 WARN: ArkTS:WARN File: D:/DevEco_studio/ArkTavernSolo/entry/src/main/ets/repositories/PromptPresetRepositoryMapper.ets:46:22
 Function may throw exceptions. Special handling is required.

625 WARN: ArkTS:WARN File: D:/DevEco_studio/ArkTavernSolo/entry/src/main/ets/repositories/PromptPresetRepositoryMapper.ets:51:26
 Function may throw exceptions. Special handling is required.

626 WARN: ArkTS:WARN File: D:/DevEco_studio/ArkTavernSolo/entry/src/main/ets/repositories/PromptPresetRepositoryMapper.ets:52:24
 Function may throw exceptions. Special handling is required.

627 WARN: ArkTS:WARN File: D:/DevEco_studio/ArkTavernSolo/entry/src/main/ets/repositories/PromptPresetRepositoryMapper.ets:57:26
 Function may throw exceptions. Special handling is required.

628 WARN: ArkTS:WARN File: D:/DevEco_studio/ArkTavernSolo/entry/src/main/ets/repositories/PromptPresetRepositoryMapper.ets:58:31
 Function may throw exceptions. Special handling is required.

629 WARN: ArkTS:WARN File: D:/DevEco_studio/ArkTavernSolo/entry/src/main/ets/repositories/PromptPresetRepositoryMapper.ets:60:24
 Function may throw exceptions. Special handling is required.

630 WARN: ArkTS:WARN File: D:/DevEco_studio/ArkTavernSolo/entry/src/main/ets/repositories/PromptPresetRepositoryMapper.ets:61:32
 Function may throw exceptions. Special handling is required.

631 WARN: ArkTS:WARN File: D:/DevEco_studio/ArkTavernSolo/entry/src/main/ets/repositories/PromptPresetRepositoryMapper.ets:63:26
 Function may throw exceptions. Special handling is required.

632 WARN: ArkTS:WARN File: D:/DevEco_studio/ArkTavernSolo/entry/src/main/ets/repositories/PromptPresetRepositoryMapper.ets:65:8
 Function may throw exceptions. Special handling is required.

633 WARN: ArkTS:WARN File: D:/DevEco_studio/ArkTavernSolo/entry/src/main/ets/repositories/PromptPresetRepositoryMapper.ets:66:27
 Function may throw exceptions. Special handling is required.

634 WARN: ArkTS:WARN File: D:/DevEco_studio/ArkTavernSolo/entry/src/main/ets/repositories/PromptPresetRepositoryMapper.ets:73:26
 Function may throw exceptions. Special handling is required.

635 WARN: ArkTS:WARN File: D:/DevEco_studio/ArkTavernSolo/entry/src/main/ets/repositories/PromptPresetRepositoryMapper.ets:75:8
 Function may throw exceptions. Special handling is required.

636 WARN: ArkTS:WARN File: D:/DevEco_studio/ArkTavernSolo/entry/src/main/ets/repositories/PromptPresetRepositoryMapper.ets:76:27
 Function may throw exceptions. Special handling is required.

637 WARN: ArkTS:WARN File: D:/DevEco_studio/ArkTavernSolo/entry/src/main/ets/repositories/PromptPresetRepositoryMapper.ets:83:31
 Function may throw exceptions. Special handling is required.

638 WARN: ArkTS:WARN File: D:/DevEco_studio/ArkTavernSolo/entry/src/main/ets/repositories/PromptPresetRepositoryMapper.ets:85:8
 Function may throw exceptions. Special handling is required.

639 WARN: ArkTS:WARN File: D:/DevEco_studio/ArkTavernSolo/entry/src/main/ets/repositories/PromptPresetRepositoryMapper.ets:86:27
 Function may throw exceptions. Special handling is required.

640 WARN: ArkTS:WARN File: D:/DevEco_studio/ArkTavernSolo/entry/src/main/ets/repositories/PromptPresetRepositoryMapper.ets:93:24
 Function may throw exceptions. Special handling is required.

641 WARN: ArkTS:WARN File: D:/DevEco_studio/ArkTavernSolo/entry/src/main/ets/repositories/PromptPresetRepositoryMapper.ets:95:8
 Function may throw exceptions. Special handling is required.

642 WARN: ArkTS:WARN File: D:/DevEco_studio/ArkTavernSolo/entry/src/main/ets/repositories/PromptPresetRepositoryMapper.ets:96:27
 Function may throw exceptions. Special handling is required.

643 WARN: ArkTS:WARN File: D:/DevEco_studio/ArkTavernSolo/entry/src/main/ets/repositories/PromptPresetRepositoryMapper.ets:103:24
 Function may throw exceptions. Special handling is required.

644 WARN: ArkTS:WARN File: D:/DevEco_studio/ArkTavernSolo/entry/src/main/ets/repositories/PromptPresetRepositoryMapper.ets:104:29
 Function may throw exceptions. Special handling is required.

645 WARN: ArkTS:WARN File: D:/DevEco_studio/ArkTavernSolo/entry/src/main/ets/repositories/PromptPresetRepositoryMapper.ets:109:24
 Function may throw exceptions. Special handling is required.

646 WARN: ArkTS:WARN File: D:/DevEco_studio/ArkTavernSolo/entry/src/main/ets/repositories/PromptPresetRepositoryMapper.ets:110:29
 Function may throw exceptions. Special handling is required.

647 WARN: ArkTS:WARN File: D:/DevEco_studio/ArkTavernSolo/entry/src/main/ets/repositories/PromptPresetRepository.ets:82:49
 Function may throw exceptions. Special handling is required.

648 WARN: ArkTS:WARN File: D:/DevEco_studio/ArkTavernSolo/entry/src/main/ets/repositories/PromptPresetRepository.ets:84:12
 Function may throw exceptions. Special handling is required.

649 WARN: ArkTS:WARN File: D:/DevEco_studio/ArkTavernSolo/entry/src/main/ets/repositories/PromptPresetRepository.ets:89:7
 Function may throw exceptions. Special handling is required.

650 WARN: ArkTS:WARN File: D:/DevEco_studio/ArkTavernSolo/entry/src/main/ets/repositories/PromptPresetRepository.ets:99:49
 Function may throw exceptions. Special handling is required.

651 WARN: ArkTS:WARN File: D:/DevEco_studio/ArkTavernSolo/entry/src/main/ets/repositories/PromptPresetRepository.ets:102:14
 Function may throw exceptions. Special handling is required.

652 WARN: ArkTS:WARN File: D:/DevEco_studio/ArkTavernSolo/entry/src/main/ets/repositories/PromptPresetRepository.ets:107:7
 Function may throw exceptions. Special handling is required.

653 WARN: ArkTS:WARN File: D:/DevEco_studio/ArkTavernSolo/entry/src/main/ets/repositories/PromptPresetRepository.ets:168:49
 Function may throw exceptions. Special handling is required.

654 WARN: ArkTS:WARN File: D:/DevEco_studio/ArkTavernSolo/entry/src/main/ets/repositories/PromptPresetRepository.ets:172:11
 Function may throw exceptions. Special handling is required.

655 WARN: ArkTS:WARN File: D:/DevEco_studio/ArkTavernSolo/entry/src/main/ets/repositories/PromptPresetRepository.ets:173:28
 Function may throw exceptions. Special handling is required.

656 WARN: ArkTS:WARN File: D:/DevEco_studio/ArkTavernSolo/entry/src/main/ets/repositories/PromptPresetRepository.ets:175:18
 Function may throw exceptions. Special handling is required.

657 WARN: ArkTS:WARN File: D:/DevEco_studio/ArkTavernSolo/entry/src/main/ets/repositories/PromptPresetRepository.ets:180:7
 Function may throw exceptions. Special handling is required.

658 WARN: ArkTS:WARN File: D:/DevEco_studio/ArkTavernSolo/entry/src/main/ets/storage/PromptPresetSelectionStore.ets:66:13
 Function may throw exceptions. Special handling is required.

659 WARN: ArkTS:WARN File: D:/DevEco_studio/ArkTavernSolo/entry/src/main/ets/storage/PromptPresetSelectionStore.ets:68:13
 Function may throw exceptions. Special handling is required.

660 WARN: ArkTS:WARN File: D:/DevEco_studio/ArkTavernSolo/entry/src/main/ets/storage/PromptPresetSelectionStore.ets:71:11
 Function may throw exceptions. Special handling is required.

661 WARN: ArkTS:WARN File: D:/DevEco_studio/ArkTavernSolo/entry/src/main/ets/storage/PromptPresetSelectionStore.ets:76:11
 Function may throw exceptions. Special handling is required.

662 WARN: ArkTS:WARN File: D:/DevEco_studio/ArkTavernSolo/entry/src/main/ets/storage/PromptPresetSelectionStore.ets:77:11
 Function may throw exceptions. Special handling is required.

663 WARN: ArkTS:WARN File: D:/DevEco_studio/ArkTavernSolo/entry/src/main/ets/network/providers/OpenAIProvider.ets:124:42
 Function may throw exceptions. Special handling is required.

664 WARN: ArkTS:WARN File: D:/DevEco_studio/ArkTavernSolo/entry/src/main/ets/services/ChatBackgroundService.ets:103:11
 Function may throw exceptions. Special handling is required.

665 WARN: ArkTS:WARN File: D:/DevEco_studio/ArkTavernSolo/entry/src/main/ets/services/ChatBackgroundService.ets:126:39
 Function may throw exceptions. Special handling is required.

666 WARN: ArkTS:WARN File: D:/DevEco_studio/ArkTavernSolo/entry/src/main/ets/services/ChatBackgroundService.ets:129:41
 Function may throw exceptions. Special handling is required.

667 WARN: ArkTS:WARN File: D:/DevEco_studio/ArkTavernSolo/entry/src/main/ets/services/ChatBackgroundService.ets:137:41
 Function may throw exceptions. Special handling is required.

668 WARN: ArkTS:WARN File: D:/DevEco_studio/ArkTavernSolo/entry/src/main/ets/services/ChatBackgroundService.ets:143:17
 Function may throw exceptions. Special handling is required.

669 WARN: ArkTS:WARN File: D:/DevEco_studio/ArkTavernSolo/entry/src/main/ets/services/ChatBackgroundService.ets:147:15
 Function may throw exceptions. Special handling is required.

670 WARN: ArkTS:WARN File: D:/DevEco_studio/ArkTavernSolo/entry/src/main/ets/services/ChatBackgroundService.ets:150:13
 Function may throw exceptions. Special handling is required.

671 WARN: ArkTS:WARN File: D:/DevEco_studio/ArkTavernSolo/entry/src/main/ets/services/ChatBackgroundService.ets:165:36
 Function may throw exceptions. Special handling is required.

672 WARN: ArkTS:WARN File: D:/DevEco_studio/ArkTavernSolo/entry/src/main/ets/services/ChatBackgroundService.ets:167:35
 Function may throw exceptions. Special handling is required.

673 WARN: ArkTS:WARN File: D:/DevEco_studio/ArkTavernSolo/entry/src/main/ets/services/ChatBackgroundService.ets:168:34
 Function may throw exceptions. Special handling is required.

674 WARN: ArkTS:WARN File: D:/DevEco_studio/ArkTavernSolo/entry/src/main/ets/services/ChatBackgroundService.ets:197:11
 Function may throw exceptions. Special handling is required.

675 WARN: ArkTS:WARN File: D:/DevEco_studio/ArkTavernSolo/entry/src/main/ets/services/ChatBackgroundService.ets:207:11
 Function may throw exceptions. Special handling is required.

676 WARN: ArkTS:WARN File: D:/DevEco_studio/ArkTavernSolo/entry/src/main/ets/services/ChatBackgroundService.ets:216:11
 Function may throw exceptions. Special handling is required.

677 WARN: ArkTS:WARN File: D:/DevEco_studio/ArkTavernSolo/entry/src/main/ets/services/ChatBackgroundService.ets:238:11
 Function may throw exceptions. Special handling is required.

678 WARN: ArkTS:WARN File: D:/DevEco_studio/ArkTavernSolo/entry/src/main/ets/services/ChatBackgroundService.ets:239:11
 Function may throw exceptions. Special handling is required.

679 WARN: ArkTS:WARN File: D:/DevEco_studio/ArkTavernSolo/entry/src/main/ets/services/ChatBackgroundService.ets:240:11
 Function may throw exceptions. Special handling is required.

680 WARN: ArkTS:WARN File: D:/DevEco_studio/ArkTavernSolo/entry/src/main/ets/services/ChatBackgroundService.ets:243:11
 Function may throw exceptions. Special handling is required.

681 WARN: ArkTS:WARN File: D:/DevEco_studio/ArkTavernSolo/entry/src/main/ets/services/ChatBackgroundService.ets:254:34
 Function may throw exceptions. Special handling is required.

682 WARN: ArkTS:WARN File: D:/DevEco_studio/ArkTavernSolo/entry/src/main/ets/services/ChatBackgroundService.ets:269:11
 Function may throw exceptions. Special handling is required.

683 WARN: ArkTS:WARN File: D:/DevEco_studio/ArkTavernSolo/entry/src/main/ets/services/market/MarketCacheStore.ets:60:18
 Function may throw exceptions. Special handling is required.

684 WARN: ArkTS:WARN File: D:/DevEco_studio/ArkTavernSolo/entry/src/main/ets/services/market/MarketCacheStore.ets:64:11
 Function may throw exceptions. Special handling is required.

685 WARN: ArkTS:WARN File: D:/DevEco_studio/ArkTavernSolo/entry/src/main/ets/services/market/MarketCacheStore.ets:68:18
 Function may throw exceptions. Special handling is required.

686 WARN: ArkTS:WARN File: D:/DevEco_studio/ArkTavernSolo/entry/src/main/ets/services/market/MarketCacheStore.ets:72:11
 Function may throw exceptions. Special handling is required.

687 WARN: ArkTS:WARN File: D:/DevEco_studio/ArkTavernSolo/entry/src/main/ets/services/market/MarketCacheStore.ets:81:18
 Function may throw exceptions. Special handling is required.

688 WARN: ArkTS:WARN File: D:/DevEco_studio/ArkTavernSolo/entry/src/main/ets/services/market/MarketCacheStore.ets:88:11
 Function may throw exceptions. Special handling is required.

689 WARN: ArkTS:WARN File: D:/DevEco_studio/ArkTavernSolo/entry/src/main/ets/services/market/MarketCacheStore.ets:94:18
 Function may throw exceptions. Special handling is required.

690 WARN: ArkTS:WARN File: D:/DevEco_studio/ArkTavernSolo/entry/src/main/ets/services/market/MarketCacheStore.ets:101:11
 Function may throw exceptions. Special handling is required.

691 WARN: ArkTS:WARN File: D:/DevEco_studio/ArkTavernSolo/entry/src/main/ets/services/market/MarketCacheStore.ets:105:29
 Function may throw exceptions. Special handling is required.

692 WARN: ArkTS:WARN File: D:/DevEco_studio/ArkTavernSolo/entry/src/main/ets/services/market/MarketCacheStore.ets:116:11
 Function may throw exceptions. Special handling is required.

693 WARN: ArkTS:WARN File: D:/DevEco_studio/ArkTavernSolo/entry/src/main/ets/services/market/MarketCacheStore.ets:171:11
 Function may throw exceptions. Special handling is required.

694 WARN: ArkTS:WARN File: D:/DevEco_studio/ArkTavernSolo/entry/src/main/ets/services/market/MarketCacheStore.ets:231:11
 Function may throw exceptions. Special handling is required.

695 WARN: ArkTS:WARN File: D:/DevEco_studio/ArkTavernSolo/entry/src/main/ets/services/market/MarketCacheStore.ets:232:11
 Function may throw exceptions. Special handling is required.

696 WARN: ArkTS:WARN File: D:/DevEco_studio/ArkTavernSolo/entry/src/main/ets/services/market/MarketCacheStore.ets:241:18
 Function may throw exceptions. Special handling is required.

697 WARN: ArkTS:WARN File: D:/DevEco_studio/ArkTavernSolo/entry/src/main/ets/services/market/MarketCacheStore.ets:248:11
 Function may throw exceptions. Special handling is required.

698 WARN: ArkTS:WARN File: D:/DevEco_studio/ArkTavernSolo/entry/src/main/ets/services/market/MarketCacheStore.ets:350:11
 Function may throw exceptions. Special handling is required.

699 WARN: ArkTS:WARN File: D:/DevEco_studio/ArkTavernSolo/entry/src/main/ets/services/market/ChubProvider.ets:238:42
 Function may throw exceptions. Special handling is required.

700 WARN: ArkTS:WARN File: D:/DevEco_studio/ArkTavernSolo/entry/src/main/ets/services/ChatArchiveImportService.ets:297:20
 'decodeWithStream' has been deprecated.

701 WARN: ArkTS:WARN File: D:/DevEco_studio/ArkTavernSolo/entry/src/main/ets/services/AppServices.ets:436:12
 Function may throw exceptions. Special handling is required.

702 WARN: ArkTS:WARN File: D:/DevEco_studio/ArkTavernSolo/entry/src/main/ets/services/AppServices.ets:443:12
 Function may throw exceptions. Special handling is required.

703 WARN: ArkTS:WARN File: D:/DevEco_studio/ArkTavernSolo/entry/src/main/ets/services/AppServices.ets:450:12
 Function may throw exceptions. Special handling is required.

704 WARN: ArkTS:WARN File: D:/DevEco_studio/ArkTavernSolo/entry/src/main/ets/services/AppServices.ets:457:12
 Function may throw exceptions. Special handling is required.

705 WARN: ArkTS:WARN File: D:/DevEco_studio/ArkTavernSolo/entry/src/main/ets/services/AppServices.ets:465:12
 Function may throw exceptions. Special handling is required.

706 WARN: ArkTS:WARN File: D:/DevEco_studio/ArkTavernSolo/entry/src/main/ets/services/AppServices.ets:473:12
 Function may throw exceptions. Special handling is required.

707 WARN: ArkTS:WARN File: D:/DevEco_studio/ArkTavernSolo/entry/src/main/ets/services/AppServices.ets:481:12
 Function may throw exceptions. Special handling is required.

708 WARN: ArkTS:WARN File: D:/DevEco_studio/ArkTavernSolo/entry/src/main/ets/services/AppServices.ets:489:12
 Function may throw exceptions. Special handling is required.

709 WARN: ArkTS:WARN File: D:/DevEco_studio/ArkTavernSolo/entry/src/main/ets/services/AppServices.ets:509:12
 Function may throw exceptions. Special handling is required.

710 WARN: ArkTS:WARN File: D:/DevEco_studio/ArkTavernSolo/entry/src/main/ets/services/AppServices.ets:517:12
 Function may throw exceptions. Special handling is required.

711 WARN: ArkTS:WARN File: D:/DevEco_studio/ArkTavernSolo/entry/src/main/ets/services/AppServices.ets:526:12
 Function may throw exceptions. Special handling is required.

712 WARN: ArkTS:WARN File: D:/DevEco_studio/ArkTavernSolo/entry/src/main/ets/services/AppServices.ets:534:12
 Function may throw exceptions. Special handling is required.

713 WARN: ArkTS:WARN File: D:/DevEco_studio/ArkTavernSolo/entry/src/main/ets/services/AppServices.ets:543:12
 Function may throw exceptions. Special handling is required.

714 WARN: ArkTS:WARN File: D:/DevEco_studio/ArkTavernSolo/entry/src/main/ets/services/AppServices.ets:552:12
 Function may throw exceptions. Special handling is required.

715 WARN: ArkTS:WARN File: D:/DevEco_studio/ArkTavernSolo/entry/src/main/ets/services/AppServices.ets:560:12
 Function may throw exceptions. Special handling is required.

716 WARN: ArkTS:WARN File: D:/DevEco_studio/ArkTavernSolo/entry/src/main/ets/services/AppServices.ets:568:12
 Function may throw exceptions. Special handling is required.

717 WARN: ArkTS:WARN File: D:/DevEco_studio/ArkTavernSolo/entry/src/main/ets/services/AppServices.ets:576:35
 Function may throw exceptions. Special handling is required.

718 WARN: ArkTS:WARN File: D:/DevEco_studio/ArkTavernSolo/entry/src/main/ets/services/AppServices.ets:596:35
 Function may throw exceptions. Special handling is required.

719 WARN: ArkTS:WARN File: D:/DevEco_studio/ArkTavernSolo/entry/src/main/ets/services/AppServices.ets:619:35
 Function may throw exceptions. Special handling is required.

720 WARN: ArkTS:WARN File: D:/DevEco_studio/ArkTavernSolo/entry/src/main/ets/services/AppServices.ets:628:35
 Function may throw exceptions. Special handling is required.

721 WARN: ArkTS:WARN File: D:/DevEco_studio/ArkTavernSolo/entry/src/main/ets/services/AppServices.ets:637:48
 Function may throw exceptions. Special handling is required.

722 WARN: ArkTS:WARN File: D:/DevEco_studio/ArkTavernSolo/entry/src/main/ets/services/AppServices.ets:649:54
 Function may throw exceptions. Special handling is required.

723 WARN: ArkTS:WARN File: D:/DevEco_studio/ArkTavernSolo/entry/src/main/ets/services/AppServices.ets:668:12
 Function may throw exceptions. Special handling is required.

724 WARN: ArkTS:WARN File: D:/DevEco_studio/ArkTavernSolo/entry/src/main/ets/services/AppServices.ets:672:12
 Function may throw exceptions. Special handling is required.

725 WARN: ArkTS:WARN File: D:/DevEco_studio/ArkTavernSolo/entry/src/main/ets/pages/tabs/CharacterRootView.ets:186:5
 Function may throw exceptions. Special handling is required.

726 WARN: ArkTS:WARN File: D:/DevEco_studio/ArkTavernSolo/entry/src/main/ets/pages/tabs/CharacterRootView.ets:186:12
 'pushUrl' has been deprecated.

727 WARN: ArkTS:WARN File: D:/DevEco_studio/ArkTavernSolo/entry/src/main/ets/pages/tabs/CharacterRootView.ets:197:5
 Function may throw exceptions. Special handling is required.

728 WARN: ArkTS:WARN File: D:/DevEco_studio/ArkTavernSolo/entry/src/main/ets/pages/tabs/CharacterRootView.ets:197:12
 'pushUrl' has been deprecated.

729 WARN: ArkTS:WARN File: D:/DevEco_studio/ArkTavernSolo/entry/src/main/ets/pages/tabs/CharacterRootView.ets:288:9
 Function may throw exceptions. Special handling is required.

730 WARN: ArkTS:WARN File: D:/DevEco_studio/ArkTavernSolo/entry/src/main/ets/pages/tabs/CharacterRootView.ets:288:22
 'showToast' has been deprecated.

731 WARN: ArkTS:WARN File: D:/DevEco_studio/ArkTavernSolo/entry/src/main/ets/pages/tabs/CharacterRootView.ets:307:9
 Function may throw exceptions. Special handling is required.

732 WARN: ArkTS:WARN File: D:/DevEco_studio/ArkTavernSolo/entry/src/main/ets/pages/tabs/CharacterRootView.ets:307:22
 'showToast' has been deprecated.

733 WARN: ArkTS:WARN File: D:/DevEco_studio/ArkTavernSolo/entry/src/main/ets/pages/tabs/CharacterRootView.ets:320:22
 'showToast' has been deprecated.

734 WARN: ArkTS:WARN File: D:/DevEco_studio/ArkTavernSolo/entry/src/main/ets/pages/tabs/CharacterRootView.ets:325:9
 Function may throw exceptions. Special handling is required.

735 WARN: ArkTS:WARN File: D:/DevEco_studio/ArkTavernSolo/entry/src/main/ets/pages/tabs/CharacterRootView.ets:325:22
 'showToast' has been deprecated.

736 WARN: ArkTS:WARN File: D:/DevEco_studio/ArkTavernSolo/entry/src/main/ets/pages/tabs/CharacterRootView.ets:342:31
 Function may throw exceptions. Special handling is required.

737 WARN: ArkTS:WARN File: D:/DevEco_studio/ArkTavernSolo/entry/src/main/ets/pages/tabs/CharacterRootView.ets:344:7
 Function may throw exceptions. Special handling is required.

738 WARN: ArkTS:WARN File: D:/DevEco_studio/ArkTavernSolo/entry/src/main/ets/pages/tabs/CharacterRootView.ets:346:7
 Function may throw exceptions. Special handling is required.

739 WARN: ArkTS:WARN File: D:/DevEco_studio/ArkTavernSolo/entry/src/main/ets/pages/tabs/CharacterRootView.ets:425:20
 'pushUrl' has been deprecated.

740 WARN: ArkTS:WARN File: D:/DevEco_studio/ArkTavernSolo/entry/src/main/ets/pages/tabs/CharacterRootView.ets:812:20
 'pushUrl' has been deprecated.

741 WARN: ArkTS:WARN File: D:/DevEco_studio/ArkTavernSolo/entry/src/main/ets/pages/tabs/ChatSessionRootView.ets:206:7
 Function may throw exceptions. Special handling is required.

742 WARN: ArkTS:WARN File: D:/DevEco_studio/ArkTavernSolo/entry/src/main/ets/pages/tabs/ChatSessionRootView.ets:206:14
 'pushUrl' has been deprecated.

743 WARN: ArkTS:WARN File: D:/DevEco_studio/ArkTavernSolo/entry/src/main/ets/pages/tabs/ChatSessionRootView.ets:225:5
 Function may throw exceptions. Special handling is required.

744 WARN: ArkTS:WARN File: D:/DevEco_studio/ArkTavernSolo/entry/src/main/ets/pages/tabs/ChatSessionRootView.ets:225:12
 'pushUrl' has been deprecated.

745 WARN: ArkTS:WARN File: D:/DevEco_studio/ArkTavernSolo/entry/src/main/ets/pages/tabs/ChatSessionRootView.ets:254:7
 Function may throw exceptions. Special handling is required.

746 WARN: ArkTS:WARN File: D:/DevEco_studio/ArkTavernSolo/entry/src/main/ets/pages/tabs/ChatSessionRootView.ets:254:20
 'showToast' has been deprecated.

747 WARN: ArkTS:WARN File: D:/DevEco_studio/ArkTavernSolo/entry/src/main/ets/pages/tabs/ChatSessionRootView.ets:270:7
 Function may throw exceptions. Special handling is required.

748 WARN: ArkTS:WARN File: D:/DevEco_studio/ArkTavernSolo/entry/src/main/ets/pages/tabs/ChatSessionRootView.ets:270:20
 'showToast' has been deprecated.

749 WARN: ArkTS:WARN File: D:/DevEco_studio/ArkTavernSolo/entry/src/main/ets/pages/tabs/ChatSessionRootView.ets:314:7
 Function may throw exceptions. Special handling is required.

750 WARN: ArkTS:WARN File: D:/DevEco_studio/ArkTavernSolo/entry/src/main/ets/pages/tabs/ChatSessionRootView.ets:314:20
 'showToast' has been deprecated.

751 WARN: ArkTS:WARN File: D:/DevEco_studio/ArkTavernSolo/entry/src/main/ets/pages/tabs/ChatSessionRootView.ets:502:20
 'pushUrl' has been deprecated.

752 WARN: ArkTS:WARN File: D:/DevEco_studio/ArkTavernSolo/entry/src/main/ets/pages/tabs/ChatSessionRootView.ets:596:18
 'pushUrl' has been deprecated.

753 WARN: ArkTS:WARN File: D:/DevEco_studio/ArkTavernSolo/entry/src/main/ets/pages/tabs/ChatSessionRootView.ets:1076:24
 'showToast' has been deprecated.

754 WARN: ArkTS:WARN File: D:/DevEco_studio/ArkTavernSolo/entry/src/main/ets/pages/tabs/ChatSessionRootView.ets:1085:7
 Function may throw exceptions. Special handling is required.

755 WARN: ArkTS:WARN File: D:/DevEco_studio/ArkTavernSolo/entry/src/main/ets/pages/tabs/ChatSessionRootView.ets:1085:20
 'showToast' has been deprecated.

756 WARN: ArkTS:WARN File: D:/DevEco_studio/ArkTavernSolo/entry/src/main/ets/pages/tabs/ChatSessionRootView.ets:1104:7
 Function may throw exceptions. Special handling is required.

757 WARN: ArkTS:WARN File: D:/DevEco_studio/ArkTavernSolo/entry/src/main/ets/pages/tabs/ChatSessionRootView.ets:1104:20
 'showToast' has been deprecated.

758 WARN: ArkTS:WARN File: D:/DevEco_studio/ArkTavernSolo/entry/src/main/ets/pages/tabs/ChatSessionRootView.ets:1116:22
 'showToast' has been deprecated.

759 WARN: ArkTS:WARN File: D:/DevEco_studio/ArkTavernSolo/entry/src/main/ets/pages/tabs/ChatSessionRootView.ets:1120:7
 Function may throw exceptions. Special handling is required.

760 WARN: ArkTS:WARN File: D:/DevEco_studio/ArkTavernSolo/entry/src/main/ets/pages/tabs/ChatSessionRootView.ets:1120:20
 'showToast' has been deprecated.

761 WARN: ArkTS:WARN File: D:/DevEco_studio/ArkTavernSolo/entry/src/main/ets/pages/tabs/ChatSessionRootView.ets:1179:5
 Function may throw exceptions. Special handling is required.

762 WARN: ArkTS:WARN File: D:/DevEco_studio/ArkTavernSolo/entry/src/main/ets/pages/tabs/ChatSessionRootView.ets:1179:12
 'pushUrl' has been deprecated.

763 WARN: ArkTS:WARN File: D:/DevEco_studio/ArkTavernSolo/entry/src/main/ets/pages/tabs/ChatSessionRootView.ets:1212:9
 Function may throw exceptions. Special handling is required.

764 WARN: ArkTS:WARN File: D:/DevEco_studio/ArkTavernSolo/entry/src/main/ets/pages/tabs/ChatSessionRootView.ets:1212:22
 'showToast' has been deprecated.

765 WARN: ArkTS:WARN File: D:/DevEco_studio/ArkTavernSolo/entry/src/main/ets/pages/tabs/ChatSessionRootView.ets:1218:9
 Function may throw exceptions. Special handling is required.

766 WARN: ArkTS:WARN File: D:/DevEco_studio/ArkTavernSolo/entry/src/main/ets/pages/tabs/ChatSessionRootView.ets:1218:22
 'showToast' has been deprecated.

767 WARN: ArkTS:WARN File: D:/DevEco_studio/ArkTavernSolo/entry/src/main/ets/pages/tabs/ChatSessionRootView.ets:1235:7
 Function may throw exceptions. Special handling is required.

768 WARN: ArkTS:WARN File: D:/DevEco_studio/ArkTavernSolo/entry/src/main/ets/pages/tabs/ChatSessionRootView.ets:1235:20
 'showToast' has been deprecated.

769 WARN: ArkTS:WARN File: D:/DevEco_studio/ArkTavernSolo/entry/src/main/ets/pages/tabs/ChatSessionRootView.ets:1250:9
 Function may throw exceptions. Special handling is required.

770 WARN: ArkTS:WARN File: D:/DevEco_studio/ArkTavernSolo/entry/src/main/ets/pages/tabs/ChatSessionRootView.ets:1250:22
 'showToast' has been deprecated.

771 WARN: ArkTS:WARN File: D:/DevEco_studio/ArkTavernSolo/entry/src/main/ets/pages/tabs/ChatSessionRootView.ets:1256:9
 Function may throw exceptions. Special handling is required.

772 WARN: ArkTS:WARN File: D:/DevEco_studio/ArkTavernSolo/entry/src/main/ets/pages/tabs/ChatSessionRootView.ets:1256:22
 'showToast' has been deprecated.

773 WARN: ArkTS:WARN File: D:/DevEco_studio/ArkTavernSolo/entry/src/main/ets/pages/tabs/MarketPage.ets:738:14
 'pushUrl' has been deprecated.

774 WARN: ArkTS:WARN File: D:/DevEco_studio/ArkTavernSolo/entry/src/main/ets/pages/tabs/SettingsRootView.ets:66:24
 'pushUrl' has been deprecated.

775 WARN: ArkTS:WARN File: D:/DevEco_studio/ArkTavernSolo/entry/src/main/ets/pages/tabs/SettingsRootView.ets:74:24
 'pushUrl' has been deprecated.

776 WARN: ArkTS:WARN File: D:/DevEco_studio/ArkTavernSolo/entry/src/main/ets/pages/tabs/SettingsRootView.ets:82:24
 'pushUrl' has been deprecated.

777 WARN: ArkTS:WARN File: D:/DevEco_studio/ArkTavernSolo/entry/src/main/ets/pages/tabs/SettingsRootView.ets:93:24
 'pushUrl' has been deprecated.

778 WARN: ArkTS:WARN File: D:/DevEco_studio/ArkTavernSolo/entry/src/main/ets/pages/tabs/SettingsRootView.ets:104:24
 'pushUrl' has been deprecated.

779 WARN: ArkTS:WARN File: D:/DevEco_studio/ArkTavernSolo/entry/src/main/ets/viewmodels/ChatViewModel.ets:828:11
 Function may throw exceptions. Special handling is required.

780 WARN: ArkTS:WARN File: D:/DevEco_studio/ArkTavernSolo/entry/src/main/ets/pages/ChatPage.ets:279:26
 Function may throw exceptions. Special handling is required.

781 WARN: ArkTS:WARN File: D:/DevEco_studio/ArkTavernSolo/entry/src/main/ets/pages/ChatPage.ets:310:27
 Function may throw exceptions. Special handling is required.

782 WARN: ArkTS:WARN File: D:/DevEco_studio/ArkTavernSolo/entry/src/main/ets/pages/ChatPage.ets:531:35
 'matchMediaSync' has been deprecated.

783 WARN: ArkTS:WARN File: D:/DevEco_studio/ArkTavernSolo/entry/src/main/ets/pages/ChatPage.ets:988:8
 'key' can only be used for testing directories 

784 WARN: ArkTS:WARN File: D:/DevEco_studio/ArkTavernSolo/entry/src/main/ets/pages/ChatPage.ets:1083:8
 'key' can only be used for testing directories 

785 WARN: ArkTS:WARN File: D:/DevEco_studio/ArkTavernSolo/entry/src/main/ets/pages/ChatPage.ets:1095:10
 'key' can only be used for testing directories 

786 WARN: ArkTS:WARN File: D:/DevEco_studio/ArkTavernSolo/entry/src/main/ets/pages/ChatPage.ets:1134:14
 'key' can only be used for testing directories 

787 WARN: ArkTS:WARN File: D:/DevEco_studio/ArkTavernSolo/entry/src/main/ets/pages/ChatPage.ets:1164:10
 'key' can only be used for testing directories 

788 WARN: ArkTS:WARN File: D:/DevEco_studio/ArkTavernSolo/entry/src/main/ets/pages/ChatPage.ets:1270:12
 'key' can only be used for testing directories 

789 WARN: ArkTS:WARN File: D:/DevEco_studio/ArkTavernSolo/entry/src/main/ets/pages/ChatPage.ets:1342:14
 'key' can only be used for testing directories 

790 WARN: ArkTS:WARN File: D:/DevEco_studio/ArkTavernSolo/entry/src/main/ets/pages/ChatPage.ets:1369:8
 'key' can only be used for testing directories 

791 WARN: ArkTS:WARN File: D:/DevEco_studio/ArkTavernSolo/entry/src/main/ets/pages/ChatPage.ets:1456:14
 'key' can only be used for testing directories 

792 WARN: ArkTS:WARN File: D:/DevEco_studio/ArkTavernSolo/entry/src/main/ets/pages/ChatPage.ets:1464:14
 'key' can only be used for testing directories 

793 WARN: ArkTS:WARN File: D:/DevEco_studio/ArkTavernSolo/entry/src/main/ets/pages/ChatPage.ets:1497:12
 'key' can only be used for testing directories 

794 WARN: ArkTS:WARN File: D:/DevEco_studio/ArkTavernSolo/entry/src/main/ets/pages/ChatPage.ets:1508:12
 'key' can only be used for testing directories 

795 WARN: ArkTS:WARN File: D:/DevEco_studio/ArkTavernSolo/entry/src/main/ets/pages/ChatPage.ets:1580:22
 'showToast' has been deprecated.

796 WARN: ArkTS:WARN File: D:/DevEco_studio/ArkTavernSolo/entry/src/main/ets/pages/ChatPage.ets:1595:9
 Function may throw exceptions. Special handling is required.

797 WARN: ArkTS:WARN File: D:/DevEco_studio/ArkTavernSolo/entry/src/main/ets/pages/ChatPage.ets:1595:22
 'showToast' has been deprecated.

798 WARN: ArkTS:WARN File: D:/DevEco_studio/ArkTavernSolo/entry/src/main/ets/pages/ChatPage.ets:1603:24
 'showToast' has been deprecated.

799 WARN: ArkTS:WARN File: D:/DevEco_studio/ArkTavernSolo/entry/src/main/ets/pages/ChatPage.ets:1605:24
 'showToast' has been deprecated.

800 WARN: ArkTS:WARN File: D:/DevEco_studio/ArkTavernSolo/entry/src/main/ets/pages/ChatPage.ets:1609:22
 'showToast' has been deprecated.

801 WARN: ArkTS:WARN File: D:/DevEco_studio/ArkTavernSolo/entry/src/main/ets/pages/ChatPage.ets:1614:9
 Function may throw exceptions. Special handling is required.

802 WARN: ArkTS:WARN File: D:/DevEco_studio/ArkTavernSolo/entry/src/main/ets/pages/ChatPage.ets:1614:22
 'showToast' has been deprecated.

803 WARN: ArkTS:WARN File: D:/DevEco_studio/ArkTavernSolo/entry/src/main/ets/pages/ChatPage.ets:1625:26
 'showToast' has been deprecated.

804 WARN: ArkTS:WARN File: D:/DevEco_studio/ArkTavernSolo/entry/src/main/ets/pages/ChatPage.ets:1629:22
 'showToast' has been deprecated.

805 WARN: ArkTS:WARN File: D:/DevEco_studio/ArkTavernSolo/entry/src/main/ets/pages/ChatPage.ets:1648:24
 'showToast' has been deprecated.

806 WARN: ArkTS:WARN File: D:/DevEco_studio/ArkTavernSolo/entry/src/main/ets/pages/ChatPage.ets:1652:20
 'showToast' has been deprecated.

807 WARN: ArkTS:WARN File: D:/DevEco_studio/ArkTavernSolo/entry/src/main/ets/pages/ChatPage.ets:1666:20
 'showToast' has been deprecated.

808 WARN: ArkTS:WARN File: D:/DevEco_studio/ArkTavernSolo/entry/src/main/ets/pages/ChatPage.ets:1670:20
 'showToast' has been deprecated.

809 WARN: ArkTS:WARN File: D:/DevEco_studio/ArkTavernSolo/entry/src/main/ets/pages/ChatPage.ets:2442:6
 'onScrollEnd' has been deprecated.

810 WARN: ArkTS:WARN File: D:/DevEco_studio/ArkTavernSolo/entry/src/main/ets/pages/ChatPage.ets:3098:5
 Function may throw exceptions. Special handling is required.

811 WARN: ArkTS:WARN File: D:/DevEco_studio/ArkTavernSolo/entry/src/main/ets/pages/ChatPage.ets:3098:18
 'showToast' has been deprecated.

812 WARN: ArkTS:WARN File: D:/DevEco_studio/ArkTavernSolo/entry/src/main/ets/pages/ChatPage.ets:3169:35
 'getContext' has been deprecated.

813 WARN: ArkTS:WARN File: D:/DevEco_studio/ArkTavernSolo/entry/src/main/ets/pages/ChatPage.ets:3237:12
 'back' has been deprecated.

814 WARN: ArkTS:WARN File: D:/DevEco_studio/ArkTavernSolo/entry/src/main/ets/pages/ChatPage.ets:3241:5
 Function may throw exceptions. Special handling is required.

815 WARN: ArkTS:WARN File: D:/DevEco_studio/ArkTavernSolo/entry/src/main/ets/pages/ChatPage.ets:3241:12
 'pushUrl' has been deprecated.

816 WARN: ArkTS:WARN File: D:/DevEco_studio/ArkTavernSolo/entry/src/main/ets/pages/ChatPage.ets:3246:5
 Function may throw exceptions. Special handling is required.

817 WARN: ArkTS:WARN File: D:/DevEco_studio/ArkTavernSolo/entry/src/main/ets/pages/ChatPage.ets:3246:12
 'pushUrl' has been deprecated.

818 WARN: ArkTS:WARN File: D:/DevEco_studio/ArkTavernSolo/entry/src/main/ets/pages/ChatPage.ets:3258:5
 Function may throw exceptions. Special handling is required.

819 WARN: ArkTS:WARN File: D:/DevEco_studio/ArkTavernSolo/entry/src/main/ets/pages/ChatPage.ets:3258:12
 'pushUrl' has been deprecated.

820 WARN: ArkTS:WARN File: D:/DevEco_studio/ArkTavernSolo/entry/src/main/ets/pages/ChatPage.ets:3270:7
 Function may throw exceptions. Special handling is required.

821 WARN: ArkTS:WARN File: D:/DevEco_studio/ArkTavernSolo/entry/src/main/ets/pages/ChatPage.ets:3270:20
 'showToast' has been deprecated.

822 WARN: ArkTS:WARN File: D:/DevEco_studio/ArkTavernSolo/entry/src/main/ets/pages/ChatPage.ets:3273:5
 Function may throw exceptions. Special handling is required.

823 WARN: ArkTS:WARN File: D:/DevEco_studio/ArkTavernSolo/entry/src/main/ets/pages/ChatPage.ets:3273:12
 'pushUrl' has been deprecated.

824 WARN: ArkTS:WARN File: D:/DevEco_studio/ArkTavernSolo/entry/src/main/ets/pages/ChatPage.ets:3285:7
 Function may throw exceptions. Special handling is required.

825 WARN: ArkTS:WARN File: D:/DevEco_studio/ArkTavernSolo/entry/src/main/ets/pages/ChatPage.ets:3285:20
 'showToast' has been deprecated.

826 WARN: ArkTS:WARN File: D:/DevEco_studio/ArkTavernSolo/entry/src/main/ets/pages/ChatPage.ets:3288:5
 Function may throw exceptions. Special handling is required.

827 WARN: ArkTS:WARN File: D:/DevEco_studio/ArkTavernSolo/entry/src/main/ets/pages/ChatPage.ets:3288:12
 'pushUrl' has been deprecated.

828 WARN: ArkTS:WARN File: D:/DevEco_studio/ArkTavernSolo/entry/src/main/ets/pages/ChatPage.ets:3354:7
 Function may throw exceptions. Special handling is required.

829 WARN: ArkTS:WARN File: D:/DevEco_studio/ArkTavernSolo/entry/src/main/ets/pages/ChatPage.ets:3354:20
 'showToast' has been deprecated.

830 WARN: ArkTS:WARN File: D:/DevEco_studio/ArkTavernSolo/entry/src/main/ets/pages/ChatPage.ets:3359:5
 Function may throw exceptions. Special handling is required.

831 WARN: ArkTS:WARN File: D:/DevEco_studio/ArkTavernSolo/entry/src/main/ets/pages/ChatPage.ets:3359:12
 'pushUrl' has been deprecated.

832 WARN: ArkTS:WARN File: D:/DevEco_studio/ArkTavernSolo/entry/src/main/ets/pages/ChatPage.ets:3380:7
 Function may throw exceptions. Special handling is required.

833 WARN: ArkTS:WARN File: D:/DevEco_studio/ArkTavernSolo/entry/src/main/ets/pages/ChatPage.ets:3380:20
 'showToast' has been deprecated.

834 WARN: ArkTS:WARN File: D:/DevEco_studio/ArkTavernSolo/entry/src/main/ets/pages/ChatPage.ets:3396:9
 Function may throw exceptions. Special handling is required.

835 WARN: ArkTS:WARN File: D:/DevEco_studio/ArkTavernSolo/entry/src/main/ets/pages/ChatPage.ets:3396:22
 'showToast' has been deprecated.

836 WARN: ArkTS:WARN File: D:/DevEco_studio/ArkTavernSolo/entry/src/main/ets/pages/ChatPage.ets:3402:9
 Function may throw exceptions. Special handling is required.

837 WARN: ArkTS:WARN File: D:/DevEco_studio/ArkTavernSolo/entry/src/main/ets/pages/ChatPage.ets:3402:22
 'showToast' has been deprecated.

838 WARN: ArkTS:WARN File: D:/DevEco_studio/ArkTavernSolo/entry/src/main/ets/pages/ChatPage.ets:3421:7
 Function may throw exceptions. Special handling is required.

839 WARN: ArkTS:WARN File: D:/DevEco_studio/ArkTavernSolo/entry/src/main/ets/pages/ChatPage.ets:3421:20
 'showToast' has been deprecated.

840 WARN: ArkTS:WARN File: D:/DevEco_studio/ArkTavernSolo/entry/src/main/ets/pages/ChatPage.ets:3432:9
 Function may throw exceptions. Special handling is required.

841 WARN: ArkTS:WARN File: D:/DevEco_studio/ArkTavernSolo/entry/src/main/ets/pages/ChatPage.ets:3432:22
 'showToast' has been deprecated.

842 WARN: ArkTS:WARN File: D:/DevEco_studio/ArkTavernSolo/entry/src/main/ets/pages/ChatPage.ets:3438:9
 Function may throw exceptions. Special handling is required.

843 WARN: ArkTS:WARN File: D:/DevEco_studio/ArkTavernSolo/entry/src/main/ets/pages/ChatPage.ets:3438:22
 'showToast' has been deprecated.

844 WARN: ArkTS:WARN File: D:/DevEco_studio/ArkTavernSolo/entry/src/main/ets/pages/ChatPage.ets:3465:7
 Function may throw exceptions. Special handling is required.

845 WARN: ArkTS:WARN File: D:/DevEco_studio/ArkTavernSolo/entry/src/main/ets/pages/ChatPage.ets:3465:20
 'showToast' has been deprecated.

846 WARN: ArkTS:WARN File: D:/DevEco_studio/ArkTavernSolo/entry/src/main/ets/pages/ChatPage.ets:3470:7
 Function may throw exceptions. Special handling is required.

847 WARN: ArkTS:WARN File: D:/DevEco_studio/ArkTavernSolo/entry/src/main/ets/pages/ChatPage.ets:3470:20
 'showToast' has been deprecated.

848 WARN: ArkTS:WARN File: D:/DevEco_studio/ArkTavernSolo/entry/src/main/ets/pages/ChatPage.ets:3475:7
 Function may throw exceptions. Special handling is required.

849 WARN: ArkTS:WARN File: D:/DevEco_studio/ArkTavernSolo/entry/src/main/ets/pages/ChatPage.ets:3475:20
 'showToast' has been deprecated.

850 WARN: ArkTS:WARN File: D:/DevEco_studio/ArkTavernSolo/entry/src/main/ets/pages/ChatPage.ets:3572:7
 Function may throw exceptions. Special handling is required.

851 WARN: ArkTS:WARN File: D:/DevEco_studio/ArkTavernSolo/entry/src/main/ets/pages/ChatPage.ets:3572:20
 'showToast' has been deprecated.

852 WARN: ArkTS:WARN File: D:/DevEco_studio/ArkTavernSolo/entry/src/main/ets/pages/ChatPage.ets:3577:7
 Function may throw exceptions. Special handling is required.

853 WARN: ArkTS:WARN File: D:/DevEco_studio/ArkTavernSolo/entry/src/main/ets/pages/ChatPage.ets:3577:20
 'showToast' has been deprecated.

854 WARN: ArkTS:WARN File: D:/DevEco_studio/ArkTavernSolo/entry/src/main/ets/pages/ChatPage.ets:3580:5
 Function may throw exceptions. Special handling is required.

855 WARN: ArkTS:WARN File: D:/DevEco_studio/ArkTavernSolo/entry/src/main/ets/pages/ChatPage.ets:3580:18
 'showToast' has been deprecated.

856 WARN: ArkTS:WARN File: D:/DevEco_studio/ArkTavernSolo/entry/src/main/ets/pages/ChatPage.ets:3599:20
 'showToast' has been deprecated.

857 WARN: ArkTS:WARN File: D:/DevEco_studio/ArkTavernSolo/entry/src/main/ets/pages/ChatPage.ets:3602:7
 Function may throw exceptions. Special handling is required.

858 WARN: ArkTS:WARN File: D:/DevEco_studio/ArkTavernSolo/entry/src/main/ets/pages/ChatPage.ets:3602:20
 'showToast' has been deprecated.

859 WARN: ArkTS:WARN File: D:/DevEco_studio/ArkTavernSolo/entry/src/main/ets/pages/ChatPage.ets:3669:22
 'showToast' has been deprecated.

860 WARN: ArkTS:WARN File: D:/DevEco_studio/ArkTavernSolo/entry/src/main/ets/pages/ChatPage.ets:3716:7
 Function may throw exceptions. Special handling is required.

861 WARN: ArkTS:WARN File: D:/DevEco_studio/ArkTavernSolo/entry/src/main/ets/pages/ChatPage.ets:3716:20
 'showToast' has been deprecated.

862 WARN: ArkTS:WARN File: D:/DevEco_studio/ArkTavernSolo/entry/src/main/ets/pages/ChatPage.ets:3727:7
 Function may throw exceptions. Special handling is required.

863 WARN: ArkTS:WARN File: D:/DevEco_studio/ArkTavernSolo/entry/src/main/ets/pages/ChatPage.ets:3727:20
 'showToast' has been deprecated.

864 WARN: ArkTS:WARN File: D:/DevEco_studio/ArkTavernSolo/entry/src/main/ets/pages/ChatPage.ets:3738:7
 Function may throw exceptions. Special handling is required.

865 WARN: ArkTS:WARN File: D:/DevEco_studio/ArkTavernSolo/entry/src/main/ets/pages/ChatPage.ets:3738:20
 'showToast' has been deprecated.

866 WARN: ArkTS:WARN File: D:/DevEco_studio/ArkTavernSolo/entry/src/main/ets/pages/ChatPage.ets:3969:7
 Function may throw exceptions. Special handling is required.

867 WARN: ArkTS:WARN File: D:/DevEco_studio/ArkTavernSolo/entry/src/main/ets/pages/ChatPage.ets:3969:20
 'showToast' has been deprecated.

868 WARN: ArkTS:WARN File: D:/DevEco_studio/ArkTavernSolo/entry/src/main/ets/pages/CharacterListPage.ets:63:22
 'back' has been deprecated.

869 WARN: ArkTS:WARN File: D:/DevEco_studio/ArkTavernSolo/entry/src/main/ets/pages/CharacterListPage.ets:691:22
 'showToast' has been deprecated.

870 WARN: ArkTS:WARN File: D:/DevEco_studio/ArkTavernSolo/entry/src/main/ets/pages/CharacterListPage.ets:711:20
 'showToast' has been deprecated.

871 WARN: ArkTS:WARN File: D:/DevEco_studio/ArkTavernSolo/entry/src/main/ets/pages/CharacterListPage.ets:716:7
 Function may throw exceptions. Special handling is required.

872 WARN: ArkTS:WARN File: D:/DevEco_studio/ArkTavernSolo/entry/src/main/ets/pages/CharacterListPage.ets:716:20
 'showToast' has been deprecated.

873 WARN: ArkTS:WARN File: D:/DevEco_studio/ArkTavernSolo/entry/src/main/ets/pages/CharacterEditPage.ets:116:29
 'getParams' has been deprecated.

874 WARN: ArkTS:WARN File: D:/DevEco_studio/ArkTavernSolo/entry/src/main/ets/pages/CharacterEditPage.ets:1057:7
 Function may throw exceptions. Special handling is required.

875 WARN: ArkTS:WARN File: D:/DevEco_studio/ArkTavernSolo/entry/src/main/ets/pages/CharacterEditPage.ets:1057:20
 'showToast' has been deprecated.

876 WARN: ArkTS:WARN File: D:/DevEco_studio/ArkTavernSolo/entry/src/main/ets/pages/CharacterEditPage.ets:1132:12
 'back' has been deprecated.

877 WARN: ArkTS:WARN File: D:/DevEco_studio/ArkTavernSolo/entry/src/main/ets/pages/AddCharacterPage.ets:69:7
 Function may throw exceptions. Special handling is required.

878 WARN: ArkTS:WARN File: D:/DevEco_studio/ArkTavernSolo/entry/src/main/ets/pages/AddCharacterPage.ets:69:20
 'showToast' has been deprecated.

879 WARN: ArkTS:WARN File: D:/DevEco_studio/ArkTavernSolo/entry/src/main/ets/pages/AddCharacterPage.ets:78:12
 'back' has been deprecated.

880 WARN: ArkTS:WARN File: D:/DevEco_studio/ArkTavernSolo/entry/src/main/ets/pages/AddCharacterPage.ets:83:5
 Function may throw exceptions. Special handling is required.

881 WARN: ArkTS:WARN File: D:/DevEco_studio/ArkTavernSolo/entry/src/main/ets/pages/AddCharacterPage.ets:83:12
 'pushUrl' has been deprecated.

882 WARN: ArkTS:WARN File: D:/DevEco_studio/ArkTavernSolo/entry/src/main/ets/pages/AddCharacterPage.ets:88:5
 Function may throw exceptions. Special handling is required.

883 WARN: ArkTS:WARN File: D:/DevEco_studio/ArkTavernSolo/entry/src/main/ets/pages/AddCharacterPage.ets:88:12
 'pushUrl' has been deprecated.

884 WARN: ArkTS:WARN File: D:/DevEco_studio/ArkTavernSolo/entry/src/main/ets/pages/AddCharacterPage.ets:114:22
 'showToast' has been deprecated.

885 WARN: ArkTS:WARN File: D:/DevEco_studio/ArkTavernSolo/entry/src/main/ets/pages/AddCharacterPage.ets:120:7
 Function may throw exceptions. Special handling is required.

886 WARN: ArkTS:WARN File: D:/DevEco_studio/ArkTavernSolo/entry/src/main/ets/pages/AddCharacterPage.ets:120:20
 'showToast' has been deprecated.

887 WARN: ArkTS:WARN File: D:/DevEco_studio/ArkTavernSolo/entry/src/main/ets/pages/AddCharacterPage.ets:134:22
 'showToast' has been deprecated.

888 WARN: ArkTS:WARN File: D:/DevEco_studio/ArkTavernSolo/entry/src/main/ets/pages/AddCharacterPage.ets:145:7
 Function may throw exceptions. Special handling is required.

889 WARN: ArkTS:WARN File: D:/DevEco_studio/ArkTavernSolo/entry/src/main/ets/pages/AddCharacterPage.ets:145:20
 'showToast' has been deprecated.

890 WARN: ArkTS:WARN File: D:/DevEco_studio/ArkTavernSolo/entry/src/main/ets/pages/LorebookPage.ets:115:22
 'back' has been deprecated.

891 WARN: ArkTS:WARN File: D:/DevEco_studio/ArkTavernSolo/entry/src/main/ets/pages/ModelSettingsPage.ets:92:22
 'back' has been deprecated.

892 WARN: ArkTS:WARN File: D:/DevEco_studio/ArkTavernSolo/entry/src/main/ets/pages/ModelSettingsPage.ets:165:20
 'pushUrl' has been deprecated.

893 WARN: ArkTS:WARN File: D:/DevEco_studio/ArkTavernSolo/entry/src/main/ets/pages/ModelSettingsPage.ets:321:14
 'pushUrl' has been deprecated.

894 WARN: ArkTS:WARN File: D:/DevEco_studio/ArkTavernSolo/entry/src/main/ets/pages/ModelConfigEditPage.ets:102:20
 'back' has been deprecated.

895 WARN: ArkTS:WARN File: D:/DevEco_studio/ArkTavernSolo/entry/src/main/ets/pages/ModelConfigEditPage.ets:130:20
 'back' has been deprecated.

896 WARN: ArkTS:WARN File: D:/DevEco_studio/ArkTavernSolo/entry/src/main/ets/pages/ModelConfigEditPage.ets:539:25
 'show' has been deprecated.

897 WARN: ArkTS:WARN File: D:/DevEco_studio/ArkTavernSolo/entry/src/main/ets/pages/ModelConfigEditPage.ets:549:28
 'back' has been deprecated.

898 WARN: ArkTS:WARN File: D:/DevEco_studio/ArkTavernSolo/entry/src/main/ets/pages/AppSettingsPage.ets:78:20
 'showToast' has been deprecated.

899 WARN: ArkTS:WARN File: D:/DevEco_studio/ArkTavernSolo/entry/src/main/ets/pages/AppSettingsPage.ets:81:7
 Function may throw exceptions. Special handling is required.

900 WARN: ArkTS:WARN File: D:/DevEco_studio/ArkTavernSolo/entry/src/main/ets/pages/AppSettingsPage.ets:81:20
 'showToast' has been deprecated.

901 WARN: ArkTS:WARN File: D:/DevEco_studio/ArkTavernSolo/entry/src/main/ets/pages/AppSettingsPage.ets:146:20
 'back' has been deprecated.

902 WARN: ArkTS:WARN File: D:/DevEco_studio/ArkTavernSolo/entry/src/main/ets/pages/PromptPresetListPage.ets:73:20
 'back' has been deprecated.

903 WARN: ArkTS:WARN File: D:/DevEco_studio/ArkTavernSolo/entry/src/main/ets/pages/PromptPresetListPage.ets:137:20
 'pushUrl' has been deprecated.

904 WARN: ArkTS:WARN File: D:/DevEco_studio/ArkTavernSolo/entry/src/main/ets/pages/PromptPresetListPage.ets:263:22
 'pushUrl' has been deprecated.

905 WARN: ArkTS:WARN File: D:/DevEco_studio/ArkTavernSolo/entry/src/main/ets/pages/PromptPresetListPage.ets:278:27
 'show' has been deprecated.

906 WARN: ArkTS:WARN File: D:/DevEco_studio/ArkTavernSolo/entry/src/main/ets/pages/PromptPresetEditPage.ets:53:29
 'getParams' has been deprecated.

907 WARN: ArkTS:WARN File: D:/DevEco_studio/ArkTavernSolo/entry/src/main/ets/pages/PromptPresetEditPage.ets:65:20
 'back' has been deprecated.

908 WARN: ArkTS:WARN File: D:/DevEco_studio/ArkTavernSolo/entry/src/main/ets/pages/PromptPresetEditPage.ets:409:14
 'back' has been deprecated.

909 WARN: ArkTS:WARN File: D:/DevEco_studio/ArkTavernSolo/entry/src/main/ets/pages/BranchMapPage.ets:664:28
 'getParams' has been deprecated.

910 WARN: ArkTS:WARN File: D:/DevEco_studio/ArkTavernSolo/entry/src/main/ets/pages/BranchMapPage.ets:696:12
 'back' has been deprecated.

911 WARN: ArkTS:WARN File: D:/DevEco_studio/ArkTavernSolo/entry/src/main/ets/pages/ChatBackgroundSettingsPage.ets:62:28
 'getParams' has been deprecated.

912 WARN: ArkTS:WARN File: D:/DevEco_studio/ArkTavernSolo/entry/src/main/ets/pages/ChatBackgroundSettingsPage.ets:150:18
 'back' has been deprecated.

913 WARN: ArkTS:WARN File: D:/DevEco_studio/ArkTavernSolo/entry/src/main/ets/pages/ChatBackgroundSettingsPage.ets:431:7
 Function may throw exceptions. Special handling is required.

914 WARN: ArkTS:WARN File: D:/DevEco_studio/ArkTavernSolo/entry/src/main/ets/pages/ChatBackgroundSettingsPage.ets:431:20
 'showToast' has been deprecated.

915 WARN: ArkTS:WARN File: D:/DevEco_studio/ArkTavernSolo/entry/src/main/ets/pages/ChatBackgroundSettingsPage.ets:486:7
 Function may throw exceptions. Special handling is required.

916 WARN: ArkTS:WARN File: D:/DevEco_studio/ArkTavernSolo/entry/src/main/ets/pages/ChatBackgroundSettingsPage.ets:486:20
 'showToast' has been deprecated.

917 WARN: ArkTS:WARN File: D:/DevEco_studio/ArkTavernSolo/entry/src/main/ets/pages/ChatBackgroundSettingsPage.ets:503:7
 Function may throw exceptions. Special handling is required.

918 WARN: ArkTS:WARN File: D:/DevEco_studio/ArkTavernSolo/entry/src/main/ets/pages/ChatBackgroundSettingsPage.ets:503:20
 'showToast' has been deprecated.

919 WARN: ArkTS:WARN File: D:/DevEco_studio/ArkTavernSolo/entry/src/main/ets/pages/ChatBackgroundSettingsPage.ets:524:20
 'showToast' has been deprecated.

920 WARN: ArkTS:WARN File: D:/DevEco_studio/ArkTavernSolo/entry/src/main/ets/pages/ChatBackgroundSettingsPage.ets:527:7
 Function may throw exceptions. Special handling is required.

921 WARN: ArkTS:WARN File: D:/DevEco_studio/ArkTavernSolo/entry/src/main/ets/pages/ChatBackgroundSettingsPage.ets:527:20
 'showToast' has been deprecated.

922 WARN: ArkTS:WARN File: D:/DevEco_studio/ArkTavernSolo/entry/src/main/ets/pages/ChatBackgroundSettingsPage.ets:547:20
 'showToast' has been deprecated.

923 WARN: ArkTS:WARN File: D:/DevEco_studio/ArkTavernSolo/entry/src/main/ets/pages/ChatBackgroundSettingsPage.ets:550:7
 Function may throw exceptions. Special handling is required.

924 WARN: ArkTS:WARN File: D:/DevEco_studio/ArkTavernSolo/entry/src/main/ets/pages/ChatBackgroundSettingsPage.ets:550:20
 'showToast' has been deprecated.

925 WARN: ArkTS:WARN File: D:/DevEco_studio/ArkTavernSolo/entry/src/main/ets/pages/MemoryManagementPage.ets:67:28
 'getParams' has been deprecated.

926 WARN: ArkTS:WARN File: D:/DevEco_studio/ArkTavernSolo/entry/src/main/ets/pages/MemoryManagementPage.ets:144:18
 'back' has been deprecated.

927 WARN: ArkTS:WARN File: D:/DevEco_studio/ArkTavernSolo/entry/src/main/ets/pages/MemoryManagementPage.ets:710:7
 Function may throw exceptions. Special handling is required.

928 WARN: ArkTS:WARN File: D:/DevEco_studio/ArkTavernSolo/entry/src/main/ets/pages/MemoryManagementPage.ets:710:20
 'showToast' has been deprecated.

929 WARN: ArkTS:WARN File: D:/DevEco_studio/ArkTavernSolo/entry/src/main/ets/pages/ContextBudgetPage.ets:58:28
 'getParams' has been deprecated.

930 WARN: ArkTS:WARN File: D:/DevEco_studio/ArkTavernSolo/entry/src/main/ets/pages/ContextBudgetPage.ets:70:27
 Function may throw exceptions. Special handling is required.

931 WARN: ArkTS:WARN File: D:/DevEco_studio/ArkTavernSolo/entry/src/main/ets/pages/ContextBudgetPage.ets:177:18
 'back' has been deprecated.

932 WARN: ArkTS:WARN File: D:/DevEco_studio/ArkTavernSolo/entry/src/main/ets/pages/MarketDetailPage.ets:89:53
 'getParams' has been deprecated.

933 WARN: ArkTS:WARN File: D:/DevEco_studio/ArkTavernSolo/entry/src/main/ets/pages/MarketDetailPage.ets:115:12
 'back' has been deprecated.

934 WARN: ArkTS:WARN File: D:/DevEco_studio/ArkTavernSolo/entry/src/main/ets/pages/MarketDetailPage.ets:178:18
 'back' has been deprecated.

935 WARN: ArkTS:WARN File: D:/DevEco_studio/ArkTavernSolo/entry/src/main/ets/pages/MarketDetailPage.ets:772:5
 Function may throw exceptions. Special handling is required.

936 WARN: ArkTS:WARN File: D:/DevEco_studio/ArkTavernSolo/entry/src/main/ets/pages/MarketDetailPage.ets:772:18
 'showToast' has been deprecated.

937 WARN: ArkTS:WARN File: D:/DevEco_studio/ArkTavernSolo/entry/src/main/ets/pages/MarketDetailPage.ets:1045:5
 Function may throw exceptions. Special handling is required.

938 WARN: ArkTS:WARN File: D:/DevEco_studio/ArkTavernSolo/entry/src/main/ets/pages/MarketDetailPage.ets:1045:12
 'pushUrl' has been deprecated.

939 WARN: ArkTS:WARN File: D:/DevEco_studio/ArkTavernSolo/entry/src/main/ets/pages/MarketDetailPage.ets:1152:5
 Function may throw exceptions. Special handling is required.

940 WARN: ArkTS:WARN File: D:/DevEco_studio/ArkTavernSolo/entry/src/main/ets/pages/MarketDetailPage.ets:1152:12
 'pushUrl' has been deprecated.

941 WARN: ArkTS:WARN File: D:/DevEco_studio/ArkTavernSolo/entry/src/main/ets/pages/MarketDetailPage.ets:1170:5
 Function may throw exceptions. Special handling is required.

942 WARN: ArkTS:WARN File: D:/DevEco_studio/ArkTavernSolo/entry/src/main/ets/pages/MarketDetailPage.ets:1170:12
 'pushUrl' has been deprecated.

943 WARN: ArkTS:WARN File: D:/DevEco_studio/ArkTavernSolo/entry/src/main/ets/pages/SingleChatHistoryPage.ets:93:5
 Function may throw exceptions. Special handling is required.

944 WARN: ArkTS:WARN File: D:/DevEco_studio/ArkTavernSolo/entry/src/main/ets/pages/SingleChatHistoryPage.ets:93:12
 'pushUrl' has been deprecated.

945 WARN: ArkTS:WARN File: D:/DevEco_studio/ArkTavernSolo/entry/src/main/ets/pages/SingleChatHistoryPage.ets:141:7
 Function may throw exceptions. Special handling is required.

946 WARN: ArkTS:WARN File: D:/DevEco_studio/ArkTavernSolo/entry/src/main/ets/pages/SingleChatHistoryPage.ets:141:20
 'showToast' has been deprecated.

947 WARN: ArkTS:WARN File: D:/DevEco_studio/ArkTavernSolo/entry/src/main/ets/pages/SingleChatHistoryPage.ets:151:7
 Function may throw exceptions. Special handling is required.

948 WARN: ArkTS:WARN File: D:/DevEco_studio/ArkTavernSolo/entry/src/main/ets/pages/SingleChatHistoryPage.ets:151:20
 'showToast' has been deprecated.

949 WARN: ArkTS:WARN File: D:/DevEco_studio/ArkTavernSolo/entry/src/main/ets/pages/SingleChatHistoryPage.ets:182:7
 Function may throw exceptions. Special handling is required.

950 WARN: ArkTS:WARN File: D:/DevEco_studio/ArkTavernSolo/entry/src/main/ets/pages/SingleChatHistoryPage.ets:182:20
 'showToast' has been deprecated.

951 WARN: ArkTS:WARN File: D:/DevEco_studio/ArkTavernSolo/entry/src/main/ets/pages/SingleChatHistoryPage.ets:215:22
 'back' has been deprecated.

952 WARN: ArkTS:WARN File: D:/DevEco_studio/ArkTavernSolo/entry/src/main/ets/pages/AiCharacterMakerPage.ets:63:35
 'getContext' has been deprecated.

953 WARN: ArkTS:WARN File: D:/DevEco_studio/ArkTavernSolo/entry/src/main/ets/pages/AiCharacterMakerPage.ets:75:7
 Function may throw exceptions. Special handling is required.

954 WARN: ArkTS:WARN File: D:/DevEco_studio/ArkTavernSolo/entry/src/main/ets/pages/AiCharacterMakerPage.ets:75:20
 'showToast' has been deprecated.

955 WARN: ArkTS:WARN File: D:/DevEco_studio/ArkTavernSolo/entry/src/main/ets/pages/AiCharacterMakerPage.ets:88:12
 'back' has been deprecated.

956 WARN: ArkTS:WARN File: D:/DevEco_studio/ArkTavernSolo/entry/src/main/ets/pages/AiCharacterMakerPage.ets:98:7
 Function may throw exceptions. Special handling is required.

957 WARN: ArkTS:WARN File: D:/DevEco_studio/ArkTavernSolo/entry/src/main/ets/pages/AiCharacterMakerPage.ets:98:14
 'pushUrl' has been deprecated.

958 WARN: ArkTS:WARN File: D:/DevEco_studio/ArkTavernSolo/entry/src/main/ets/pages/AiCharacterMakerPage.ets:108:7
 Function may throw exceptions. Special handling is required.

959 WARN: ArkTS:WARN File: D:/DevEco_studio/ArkTavernSolo/entry/src/main/ets/pages/AiCharacterMakerPage.ets:108:20
 'showToast' has been deprecated.

960 WARN: ArkTS:WARN File: D:/DevEco_studio/ArkTavernSolo/entry/src/main/ets/pages/AiCharacterMakerPage.ets:147:5
 Function may throw exceptions. Special handling is required.

961 WARN: ArkTS:WARN File: D:/DevEco_studio/ArkTavernSolo/entry/src/main/ets/pages/AiCharacterMakerPage.ets:147:18
 'showToast' has been deprecated.

962 WARN: ArkTS:WARN File: D:/DevEco_studio/ArkTavernSolo/entry/src/main/ets/pages/AiCharacterPreviewPage.ets:67:35
 'getContext' has been deprecated.

963 WARN: ArkTS:WARN File: D:/DevEco_studio/ArkTavernSolo/entry/src/main/ets/pages/AiCharacterPreviewPage.ets:78:22
 'showToast' has been deprecated.

964 WARN: ArkTS:WARN File: D:/DevEco_studio/ArkTavernSolo/entry/src/main/ets/pages/AiCharacterPreviewPage.ets:84:7
 Function may throw exceptions. Special handling is required.

965 WARN: ArkTS:WARN File: D:/DevEco_studio/ArkTavernSolo/entry/src/main/ets/pages/AiCharacterPreviewPage.ets:84:20
 'showToast' has been deprecated.

966 WARN: ArkTS:WARN File: D:/DevEco_studio/ArkTavernSolo/entry/src/main/ets/pages/AiCharacterPreviewPage.ets:96:12
 'back' has been deprecated.

967 WARN: ArkTS:WARN File: D:/DevEco_studio/ArkTavernSolo/entry/src/main/ets/pages/AiCharacterPreviewPage.ets:102:7
 Function may throw exceptions. Special handling is required.

968 WARN: ArkTS:WARN File: D:/DevEco_studio/ArkTavernSolo/entry/src/main/ets/pages/AiCharacterPreviewPage.ets:102:20
 'showToast' has been deprecated.

969 WARN: ArkTS:WARN File: D:/DevEco_studio/ArkTavernSolo/entry/src/main/ets/pages/AiCharacterPreviewPage.ets:107:7
 Function may throw exceptions. Special handling is required.

970 WARN: ArkTS:WARN File: D:/DevEco_studio/ArkTavernSolo/entry/src/main/ets/pages/AiCharacterPreviewPage.ets:107:20
 'showToast' has been deprecated.

971 WARN: ArkTS:WARN File: D:/DevEco_studio/ArkTavernSolo/entry/src/main/ets/pages/AiCharacterPreviewPage.ets:128:7
 Function may throw exceptions. Special handling is required.

972 WARN: ArkTS:WARN File: D:/DevEco_studio/ArkTavernSolo/entry/src/main/ets/pages/AiCharacterPreviewPage.ets:128:20
 'showToast' has been deprecated.

973 WARN: ArkTS:WARN File: D:/DevEco_studio/ArkTavernSolo/entry/src/main/ets/pages/AiCharacterPreviewPage.ets:147:7
 Function may throw exceptions. Special handling is required.

974 WARN: ArkTS:WARN File: D:/DevEco_studio/ArkTavernSolo/entry/src/main/ets/pages/AiCharacterPreviewPage.ets:147:20
 'showToast' has been deprecated.

975 WARN: ArkTS:WARN File: D:/DevEco_studio/ArkTavernSolo/entry/src/main/ets/pages/AiCharacterPreviewPage.ets:149:14
 'back' has been deprecated.

976 WARN: ArkTS:WARN File: D:/DevEco_studio/ArkTavernSolo/entry/src/main/ets/pages/AiCharacterPreviewPage.ets:151:7
 Function may throw exceptions. Special handling is required.

977 WARN: ArkTS:WARN File: D:/DevEco_studio/ArkTavernSolo/entry/src/main/ets/pages/AiCharacterPreviewPage.ets:151:20
 'showToast' has been deprecated.

978 WARN: ArkTS:WARN File: D:/DevEco_studio/ArkTavernSolo/entry/src/main/ets/pages/AiCharacterPreviewPage.ets:176:12
 'back' has been deprecated.

979 WARN: ArkTS:WARN File: D:/DevEco_studio/ArkTavernSolo/entry/src/main/ets/pages/AiCharacterPreviewPage.ets:191:12
 'back' has been deprecated.

980 WARN: ArkTS:WARN File: D:/DevEco_studio/ArkTavernSolo/entry/src/main/ets/pages/AiCharacterPreviewPage.ets:221:7
 Function may throw exceptions. Special handling is required.

981 WARN: ArkTS:WARN File: D:/DevEco_studio/ArkTavernSolo/entry/src/main/ets/pages/AiCharacterPreviewPage.ets:221:20
 'showToast' has been deprecated.

982 WARN: ArkTS:WARN File: D:/DevEco_studio/ArkTavernSolo/entry/src/main/ets/pages/AiCharacterPreviewPage.ets:228:7
 Function may throw exceptions. Special handling is required.

983 WARN: ArkTS:WARN File: D:/DevEco_studio/ArkTavernSolo/entry/src/main/ets/pages/AiCharacterPreviewPage.ets:228:20
 'showToast' has been deprecated.

984 WARN: ArkTS:WARN File: D:/DevEco_studio/ArkTavernSolo/entry/src/main/ets/pages/AiCharacterPreviewPage.ets:247:7
 Function may throw exceptions. Special handling is required.

985 WARN: ArkTS:WARN File: D:/DevEco_studio/ArkTavernSolo/entry/src/main/ets/pages/AiCharacterPreviewPage.ets:247:20
 'showToast' has been deprecated.

986 WARN: ArkTS:WARN File: D:/DevEco_studio/ArkTavernSolo/entry/src/main/ets/pages/AiCharacterPreviewPage.ets:252:20
 'showToast' has been deprecated.

987 WARN: ArkTS:WARN File: D:/DevEco_studio/ArkTavernSolo/entry/src/main/ets/pages/AiCharacterPreviewPage.ets:254:7
 Function may throw exceptions. Special handling is required.

988 WARN: ArkTS:WARN File: D:/DevEco_studio/ArkTavernSolo/entry/src/main/ets/pages/AiCharacterPreviewPage.ets:254:20
 'showToast' has been deprecated.

989 WARN: ArkTS:WARN File: D:/DevEco_studio/ArkTavernSolo/entry/src/main/ets/pages/AiCharacterPreviewPage.ets:264:7
 Function may throw exceptions. Special handling is required.

990 WARN: ArkTS:WARN File: D:/DevEco_studio/ArkTavernSolo/entry/src/main/ets/pages/AiCharacterPreviewPage.ets:264:20
 'showToast' has been deprecated.

991 WARN: ArkTS:WARN File: D:/DevEco_studio/ArkTavernSolo/entry/src/main/ets/pages/AiCharacterPreviewPage.ets:280:7
 Function may throw exceptions. Special handling is required.

992 WARN: ArkTS:WARN File: D:/DevEco_studio/ArkTavernSolo/entry/src/main/ets/pages/AiCharacterPreviewPage.ets:280:20
 'showToast' has been deprecated.

993 WARN: ArkTS:WARN File: D:/DevEco_studio/ArkTavernSolo/entry/src/main/ets/pages/AiCharacterPreviewPage.ets:285:20
 'showToast' has been deprecated.

994 WARN: ArkTS:WARN File: D:/DevEco_studio/ArkTavernSolo/entry/src/main/ets/pages/AiCharacterPreviewPage.ets:287:7
 Function may throw exceptions. Special handling is required.

995 WARN: ArkTS:WARN File: D:/DevEco_studio/ArkTavernSolo/entry/src/main/ets/pages/AiCharacterPreviewPage.ets:287:20
 'showToast' has been deprecated.

996 WARN: ArkTS:WARN File: D:/DevEco_studio/ArkTavernSolo/entry/src/main/ets/pages/AiCharacterPreviewPage.ets:296:31
 Function may throw exceptions. Special handling is required.

997 WARN: ArkTS:WARN File: D:/DevEco_studio/ArkTavernSolo/entry/src/main/ets/pages/AiCharacterPreviewPage.ets:298:7
 Function may throw exceptions. Special handling is required.

998 WARN: ArkTS:WARN File: D:/DevEco_studio/ArkTavernSolo/entry/src/main/ets/pages/AiCharacterPreviewPage.ets:300:7
 Function may throw exceptions. Special handling is required.

999 WARN: ArkTS:WARN File: D:/DevEco_studio/ArkTavernSolo/entry/src/main/ets/pages/ChatPage.ets:822:45
 The 'regular' property 'this.viewModel!' cannot be assigned to the '@ObjectLink' property 'viewModel'.
> hvigor ERROR: ArkTS Compiler Error
1 ERROR: 10605038 ArkTS Compiler Error
Error Message: Object literal must correspond to some explicitly declared class or interface (arkts-no-untyped-obj-literals) At File: D:/DevEco_studio/ArkTavernSolo/entry/src/main/ets/services/ModelService.ets:535:34


2 ERROR: 10605038 ArkTS Compiler Error
Error Message: Object literal must correspond to some explicitly declared class or interface (arkts-no-untyped-obj-literals) At File: D:/DevEco_studio/ArkTavernSolo/entry/src/main/ets/services/ModelService.ets:603:34


3 ERROR: 10505001 ArkTS Compiler Error
Error Message: Type '{ model: string; messages: ChatMessage[]; temperature: number; topP: number; maxTokens: number; stream: boolean; reasoningEffort: string; responseFormatJson: boolean; tools: any; toolResults: any; priorToolCalls: any; toolChoice: any; }' is not assignable to type 'ChatRequest'.
  Object literal may only specify known properties, and 'tools' does not exist in type 'ChatRequest'. At File: D:/DevEco_studio/ArkTavernSolo/entry/src/main/ets/services/ModelService.ets:544:7


4 ERROR: 10505001 ArkTS Compiler Error
Error Message: Property 'tools' does not exist on type 'ChatRequestOptions'. At File: D:/DevEco_studio/ArkTavernSolo/entry/src/main/ets/services/ModelService.ets:544:22


5 ERROR: 10505001 ArkTS Compiler Error
Error Message: Property 'toolResults' does not exist on type 'ChatRequestOptions'. At File: D:/DevEco_studio/ArkTavernSolo/entry/src/main/ets/services/ModelService.ets:545:28


6 ERROR: 10505001 ArkTS Compiler Error
Error Message: Property 'priorToolCalls' does not exist on type 'ChatRequestOptions'. At File: D:/DevEco_studio/ArkTavernSolo/entry/src/main/ets/services/ModelService.ets:546:31


7 ERROR: 10505001 ArkTS Compiler Error
Error Message: Property 'toolChoice' does not exist on type 'ChatRequestOptions'. At File: D:/DevEco_studio/ArkTavernSolo/entry/src/main/ets/services/ModelService.ets:548:27


8 ERROR: 10505001 ArkTS Compiler Error
Error Message: Type '{ model: string; messages: ChatMessage[]; temperature: number; topP: number; maxTokens: number; stream: boolean; reasoningEffort: string; responseFormatJson: boolean; tools: any; toolResults: any; priorToolCalls: any; toolChoice: any; }' is not assignable to type 'ChatRequest'.
  Object literal may only specify known properties, and 'tools' does not exist in type 'ChatRequest'. At File: D:/DevEco_studio/ArkTavernSolo/entry/src/main/ets/services/ModelService.ets:612:7


9 ERROR: 10505001 ArkTS Compiler Error
Error Message: Property 'tools' does not exist on type 'ChatRequestOptions'. At File: D:/DevEco_studio/ArkTavernSolo/entry/src/main/ets/services/ModelService.ets:612:22


10 ERROR: 10505001 ArkTS Compiler Error
Error Message: Property 'toolResults' does not exist on type 'ChatRequestOptions'. At File: D:/DevEco_studio/ArkTavernSolo/entry/src/main/ets/services/ModelService.ets:613:28


11 ERROR: 10505001 ArkTS Compiler Error
Error Message: Property 'priorToolCalls' does not exist on type 'ChatRequestOptions'. At File: D:/DevEco_studio/ArkTavernSolo/entry/src/main/ets/services/ModelService.ets:614:31


12 ERROR: 10505001 ArkTS Compiler Error
Error Message: Property 'toolChoice' does not exist on type 'ChatRequestOptions'. At File: D:/DevEco_studio/ArkTavernSolo/entry/src/main/ets/services/ModelService.ets:615:27


COMPILE RESULT:FAIL {ERROR:13 WARN:999}

* Try:
> Run with --stacktrace option to get the stack trace.
> Run with --debug option to get more log output.

> hvigor ERROR: BUILD FAILED in 1 min 24 s 778 ms 


Process finished with exit code -1

